Date,Staple_Segments,Caption,Favorites,Comment_Count,Likes,Video_Views,Share_Count,Video_Duration_Seconds
2024-08-19,Reunion,"We can’t wait to see you in 2025 for the return of Love Island Games and #LoveIslandUSA. Until then, we love you all! ❤️",3862,944,134100,2200000,1282,19
2024-08-19,Reunion,And that’s on period. 🔥 #LoveislandUSA ,5461,439,233600,2400000,551,15
2024-08-19,Reunion,Came for love. Left with lifelong friendships (and love). 😊 #LoveIslandUSA ,1242,211,47900,1100000,64,27
2024-08-19,Reunion,Fun fact: Kordell is a breakfast wizard. 🥑🍞🥞 #LoveIslandUSA ,9146,269,432200,3900000,903,18
2024-08-19,Reunion,The overalls live rent free in our heads. 👖 #LoveIslandUSA ,2837,210,108000,1600000,368,29
2024-08-19,Reunion,"BRB, need more snacks. 🍿🍪🍹 #LoveIslandUSA",801,244,29200,1000000,113,35
2024-08-19,Reunion,What did you think of the full fire pit moment? 🔥 #LoveIslandUSA ,22000,2125,569900,7100000,3810,32
2024-08-19,Reunion,Wondering if ‘fawk’ will make it onto a neon sign next year. 🤔 #LoveIslandUSA ,1600,216,71600,1300000,107,12
2024-08-19,Reunion,It’s all good in girlhood. 😊 Love to see it! #LoveIslandUSA ,6175,626,230600,2200000,623,30
2024-08-19,Reunion,"Sometimes to go forward, you have to go backwards first! 😬 #LoveIslandUSA",1491,177,67200,1100000,93,9
2024-08-19,Reunion,“Everything unfolded the way it was supposed to.” #LoveIslandUSA ,4230,723,156500,2000000,602,20
2024-08-19,Reunion,Support is the best love language. ❤️ #LoveIslandUSA ,1297,496,53600,1000000,257,17
2024-08-19,Reunion,From bamboozled to boyfriend and girlfriend?! Congrats Leah and Miguel! 😍 #LoveIslandUSA,16400,565,482600,3100000,3872,48
2024-08-19,Reunion,"It’s ok JaNa, we match your freak. 😅 #LoveIslandUSA",18900,672,564600,4000000,6181,19
2024-08-19,Reunion,Korena being official makes us SO happy! ❤️ #LoveIslandUSA,2569,143,88400,922900,340,57
2024-08-19,Reunion,Our girl @ariana madix brings the love to NYC! 💖 #LoveIslandUSA - The Reunion starts NOW on @Peacock! 🤩,316,101,13500,368100,75,42
2024-08-19,Reunion,"Very demure. Very cutesy. 😉 Nicole and Daniela are bringing the 🔥 to #LoveIslandUSA - The Reunion tonight at 9pm ET/ 6pm PT, only on @Peacock. ",419,65,12500,367800,68,22
2024-08-19,Reunion,How many pockets IS too many? Rob and Hakeem are dressed to impress for #LoveIslandUSA - The Reunion TONIGHT! 🔥,2826,356,121800,1100000,685,41
2024-08-18,Other,"We're feeling 😊😱🥳 for #LoveIslandUSA - The Reunion, how about you?! See you tomorrow night at 9pm ET/ 6pm PT, only on @Peacock. 🔥",2039,473,77600,847300,1244,47
2024-08-18,Other,Hyping ourselves up for #LoveIsland USA - The Reunion tomorrow! 😊 @Kenny Rodriguez ,1025,147,24500,445000,424,4
2024-08-17,Other,THE BOYS 🤩 #LoveIslandUSA - The Reunion coming in hot this Monday! ,1763,462,77100,1100000,1051,0
2024-08-17,Other,THE GIRLS 😍 #LoveIslandUSA - The Reunion is TWO days away! ,1523,487,61700,996200,1316,0
2024-08-16,Other,"The tea is brewing besties! 🔥 Who will spill what? Find out during #LoveIslandUSA - The Reunion - Monday, Aug. 19 at 9pm ET/ 6pm PT, only on @Peacock! 😱",12600,1070,284200,2200000,23500,15
2024-08-16,Other,#LoveIslandUSA - The Reunion loading…,285,161,16100,540500,136,0
2024-08-13,Other,"FAAWWWK we're so excited for #LoveIslandUSA - The Reunion! Don't miss it Monday, Aug. 19 at 9pm ET/ 6pm PT, only on @Peacock. 💖🏝",3911,583,121400,1400000,4412,15
2024-07-26,Other,Nicole and Kendall's love still has us buzzin'! 🥰 #LoveIslandUSA @Nicole Jacky @kendallwashington ,3058,310,59400,2300000,563,180
2024-07-25,Other,"From floaties in the ocean to notes from loved ones, the future looks bright for JaNa & Kenny! 💖 #LoveIslandUSA ",10700,552,170600,2000000,2259,179
2024-07-24,Other,"#LoveIslandUSA 2024 was full of surprises, tears, laughs and love. Cheers to our last Villa Weekly of the season! 💖",2859,303,49300,1500000,598,0
2024-07-24,Other,The cuteness between Leah & Miguel is craaazzzyy! 🥰 Take a look back at their journey together this season. #LoveIslandUSA @Miguel @leah.kateb ,9467,382,147600,1700000,1574,176
2024-07-23,Other,We're still not over Serena and Kordell's journey in the Villa! ✨🩷 #LoveIslandUSA @Kordell Beckham @Ree💓 ,8811,623,155400,1700000,2386,204
2024-07-22,Other,Aww 🥹 @ariana madix joins @NayNay & @Kenneth Rodriguez and @Nicole Jacky & @kendallwashington for one last chat in the Villa. 💖 #LoveIslandUSA,2932,575,124300,2500000,1458,200
2024-07-22,Other,Hey lovebirds! 👋 @ariana madix chats with @leah.kateb and @Miguel about their journey in the Villa and what comes next. 🔥 #LoveIslandUSA,32000,1841,782200,5800000,12400,166
2024-07-22,Other,POV: watching Korena get ready for their final date. 🔥 #LoveIslandUSA @Kordell Beckham @Ree💓 @NayNay @Kenneth Rodriguez @Nicole Jacky @kendallwashington ,7895,338,295400,2300000,1735,43
2024-07-22,Other,We miss the Islanders already. 🥹💖 #LoveIslandUSA ,1967,130,45700,1100000,235,0
2024-07-21,Finale,"SURPRISE! Don’t miss us just yet. 😉 @ariana madix will host this season’s #LoveIslandUSA Reunion August 19, only on @Peacock. ❤️🎉",7757,799,197900,2600000,3863,46
2024-07-21,Finale,Serena and Kordell celebrate their win with @ariana madix! Hear about their journey and their post-Villa plans. 🏝️❤️ #LoveIslandUSA @Kordell Beckham @Ree💓 ,17400,2431,505700,4600000,10900,210
2024-07-21,Finale,Your winners of #LoveIslandUSA 2024 are… 🥰🔥✨ ,9137,1615,284200,3400000,5463,51
2024-07-21,Finale,@ariana madix came and read the Islanders to filth. 😅🔥 Nawstyyy girl! #LoveIslandUSA ,1611,225,45400,993600,153,49
2024-07-21,Finale,One final(e) slay from @ariana madix! 💙✨ #LoveIslandUSA ,574,171,25600,812800,278,9
2024-07-21,Finale,"If you’re 😭 over these declarations of love like we are, leave a ❤️ in the comments! #LoveIslandUSA ",16300,1237,275600,1800000,5771,138
2024-07-21,Finale,POV: Your friends proofreading a text. 😅 #LoveIslandUSA @Kenneth Rodriguez @Kordell Beckham @Miguel @kendallwashington ,24000,666,551900,3400000,4918,53
2024-07-21,Finale,"Even in silence, @Kenneth Rodriguez and @NayNay know they’re meant to be! 🥹 #LoveIslandUSA ",2576,259,58900,748700,312,59
2024-07-21,Finale,The fear of messing up is so real! @kendallwashington and @Nicole Jacky’s chat brought clarity and comfort. 💕 #LoveIslandUSA ,1194,233,36900,792900,114,82
2024-07-21,Finale,Serena and Kordell are giving main character energy in this love story. 😭 #LoveIslandUSA @Ree💓 @Kordell Beckham ,2580,364,63200,652400,497,72
2024-07-21,Finale,Miguel and Leah are happy to be ending their #LoveIslandUSA journey together. 🔥 @Miguel @leah.kateb ,1804,266,35200,461200,371,98
2024-07-21,Finale,“PPG for lifers.” 💝 #LoveIslandUSA @NayNay @Ree💓 @leah.kateb ,12400,524,296900,1700000,2224,30
2024-07-21,Finale,"Thrills and chills, two thigs you need on an epic date. 🥰 #LoveIslandUSA @Nicole Jacky @kendallwashington ",570,152,18200,422900,91,92
2024-07-21,Finale,"TONIGHT it's the season finale of #LoveIslandUSA! To celebrate, the Islanders showed us their impressions of @iaindoesjokes. 💖🎉 Who did it best? ",4165,445,99300,1000000,2078,104
2024-07-21,Finale,"Epic dates and declarations of love - our hearts are so full! ❤️ Find out who wins #LoveIslandUSA 2024 TONIGHT during the season finale at 9pm ET / 6pm PT, only on @Peacock. 🎉 @ariana madix ",4267,1562,118800,1300000,6061,106
2024-07-21,Finale,Family dinners and fun times! ❤️🥂 #LoveIslandUSA ,1552,219,30900,541100,382,0
2024-07-20,Other,"We couldn't let Rob leave #LoveIslandUSA without a special pair of overalls. 🤩 Catch Aftersun tonight at 9pm ET / 6pm PT, only on @Peacock! 💖 @MauraHiggins @Celybird @Robert Rausch @Kassy @Hannah Maria @Marco Donatelli ",5841,550,252200,2800000,3758,99
2024-07-20,Other,Even the Islanders are in their feels about tomorrow’s Finale! Check out the love note they wrote to our amazing host @ariana madix! 💌 #LoveIslandUSA,3264,449,101400,1300000,1140,84
2024-07-20,Other,Our social ambassador @Celybird is bringing the 🔥 in another episode of Your Type On Paper! Find out who @kaylor and @Aaron.evans think will win this season of #LoveIslandUSA. 👀,1202,490,45200,1000000,329,217
2024-07-20,Other,Who's ready to play Your Type on Paper?? Our social ambassador @Celybird is diving into all things #LoveIslandUSA with @Robert Rausch and @Kassy. 💖,3223,836,87200,1200000,3194,211
2024-07-20,Other,What type of wedding is @Miguel thinking of? 👀😆 #LoveIslandUSA @Robert Rausch @Kordell Beckham ,1511,275,61900,1100000,171,17
2024-07-20,Other,Kenny could never bore us. 🎶😆 #LoveIslandUSA ,4937,371,200500,2200000,1137,10
2024-07-20,Other,"Some mornings we’re JaNa, other mornings we’re Serena. 😂 #LoveIslandUSA @NayNay @Ree💓 @leah.kateb ",118000,2459,2300000,14900000,29400,13
2024-07-19,Other,Our favorite part about Saturdays? #LoveIslandUSA Aftersun with host @MauraHiggins! 💞 Join the party tomorrow at 9pm ET / 6pm PT on @Peacock. 🎉 @Hannah Maria @Marco Donatelli @Celybird @ariana madix ,663,285,23500,997700,223,26
2024-07-19,Other,Our final four couples. 🥹❤️ Watch the #LoveIslandUSA Finale on Sunday to see who wins! ,2647,2477,122300,1600000,1070,12
2024-07-19,Other,"Brotherhood has kept these two afloat. Bye for now, Dock! #LoveIslandUSA @Robert Rausch @Aaron.evans ",1596,458,43000,971300,826,99
2024-07-19,Other,Loves > enemies > friends. Leah and Rob have come a long way. 😭 #LoveIslandUSA ,22000,2272,276000,2300000,9775,117
2024-07-19,Other,The overalls’s time in the Villa has come to an end. 😔 #LoveIslandUSA @Robert Rausch ,8790,696,342400,3200000,1967,10
2024-07-19,Other,These toasts are making us emotional. 🥹❤️ #LoveIslandUSA ,2063,318,47200,860600,206,129
2024-07-19,Other,YES CHEF JaNa! 🔥 #LoveIslandUSA ,11000,552,289700,2200000,1576,24
2024-07-19,Other,Give us the date and we’ll be there! 🥰💍 #LoveIslandUSA @Kenneth Rodriguez @NayNay ,11800,596,354200,2900000,3171,70
2024-07-19,Other,These newlyweds are getting down and dirty. 🍰😂 #LoveIslandUSA ,1653,139,28900,601200,269,74
2024-07-19,Other,Love a man who can eat. 😋🎂 #LoveIslandUSA @NayNay @Kenneth Rodriguez @Aaron.evans @kaylor ,8736,278,210200,1800000,1962,26
2024-07-19,Other,Big Booty Baddie has been upgraded to Little Miss Thing. 😊 #LoveIslandUSA @Miguel @leah.kateb ,8231,466,142300,1500000,1282,88
2024-07-19,Other,"The Islanders talk marriage and kids as they take on the Newlywed challenge tonight! 👶🏻💍 See you at 9pm ET / 6pm PT, only on @Peacock.  🎉 #LoveIslandUSA ",1803,941,49700,919900,1975,109
2024-07-19,Other,This season has really knocked us out! 😴 #LoveIslandUSA ,1662,212,39800,757200,510,0
2024-07-19,Other,🎵🎶 A genuine connection with genuine intentions. 🎶🎵 #LoveIslandUSA @kendallwashington @Nicole Jacky ,259,120,8824,493900,17,77
2024-07-19,Other,Mama gives the best advice. #LoveIslandUSA @Ree💓 ,337,39,10400,451900,14,4
2024-07-19,Other,Not the Villa ghost again! 😱 #LoveIslandUSA @Kassy ,6518,331,389000,4100000,474,5
2024-07-18,Other,Serena met Kordell’s big brother @Odell Beckham Jr. and it was a total touchdown! 🥰 #LoveIslandUSA @Kordell Beckham @Ree💓 ,3801,530,97500,1300000,1756,72
2024-07-18,Other,Sordell got the green light from their families. 💚 #LoveIslandUSA @Kordell Beckham @Ree💓 ,12500,884,343800,2800000,1589,101
2024-07-18,Other,The sisterhood is growing! 🥰 #LoveIslandUSA @NayNay @Ree💓 @leah.kateb ,8014,757,149600,1100000,1725,28
2024-07-18,Other,Bigggg sibling energy. 😂 #LoveIslandUSA ,35000,682,957400,6800000,6416,58
2024-07-18,Other,Sister is just calling it like she sees it. 🤗 #LoveIslandUSA @kendallwashington @Nicole Jacky ,1009,218,37200,801400,140,69
2024-07-18,Other,Raise your hand if you want to read those texts. 😆🙋‍♀️ #LoveIslandUSA @Aaron.evans @kaylor ,2873,416,124500,1700000,370,24
2024-07-18,Other,@Kassy loves to scratch and tell. 💋 #LoveIslandUSA ,2016,1080,113500,2000000,1186,6
2024-07-18,Other,Pancakes might be the new avocado toast. 🥞❤️ #LoveIslandUSA @NayNay @Kenneth Rodriguez @kendallwashington ,3777,293,125500,1300000,435,13
2024-07-18,Other,Tonight on The Dock: romantic moon gazing. 🌙😍 #LoveIslandUSA @Robert Rausch @Kassy ,1904,469,96600,1500000,474,43
2024-07-18,Other,Whose side are you on? 😅 #LoveIslandUSA @Miguel @leah.kateb ,4473,594,188000,1800000,743,10
2024-07-18,Other,Basically everything… 😏 #LoveIslandUSA @Aaron.evans @kaylor ,761,232,42100,808800,275,8
2024-07-18,Other,"Three couples chat with their families tonight and let's just say... truths come out. 😅 Don't miss an all-new #LoveIslandUSA at 9pm ET / 6pm PT, only on @Peacock. 🏝 ",4820,1295,134000,1400000,11900,100
2024-07-18,Other,Villa vibes. ✨🔥 #LoveIslandUSA ,1253,348,33900,814700,326,0
2024-07-18,Other,Rob’s smile was brought to us by Kassy. 😊 #LoveIslandUSA @Kordell Beckham @kendallwashington @Robert Rausch @Kassy ,972,458,50200,1200000,157,26
2024-07-18,Other,The Islanders didn’t hold back during the Mr. & Mrs. challenge. 😅🫣 #LoveIslandUSA ,27800,596,688300,4900000,6345,42
2024-07-17,Other,Feeling down about this season of #LoveIslandUSA coming to an end? Cheer up with the new issue of Villa Weekly! 💖 @ariana madix @MauraHiggins @Celybird ,600,309,12200,915800,229,0
2024-07-17,Other,Love is scary. 😱 #LoveIslandUSA ,8288,833,445900,3700000,4597,13
2024-07-17,Other,"Listen up for ""Your Type on Paper"" with our social ambassador @Celybird and @daniortii, Harrison, and @Sisi! 💖 We'll miss them all! #LoveIslandUSA",925,293,36000,977100,220,205
2024-07-16,Other,Which couple is your Mr. & Mrs.? ❤️ Watch #LoveIslandUSA later this week to see the results of your votes. ,654,1801,26300,1400000,412,11
2024-07-16,Other,Can’t wait to meet the families. 🥹💖 #LoveIslandUSA ,1392,386,48700,1100000,143,90
2024-07-16,Other,Debate in the comments: is a mermaid an animal and is P.E. a subject? 🤔 #LoveIslandUSA @ariana madix ,1233,441,54100,1200000,260,39
2024-07-16,Other,@ariana madix really doesn’t miss… like ever. ✨💜 #LoveIslandUSA ,223,118,10700,713100,121,10
2024-07-16,Other,It’s giving chaotic and we love it. 😅💖 Which couple do you think will win the Mr. & Mrs. challenge? #LoveIslandUSA ,2168,185,73400,999100,146,41
2024-07-16,Other,“You accept the love you think you deserve.” 🥺 Kassy shares her wisdom after her experiences last season. #LoveIslandUSA @Kassy @kaylor ,488,113,18300,703600,84,49
2024-07-16,Other,They won’t say they’re in love… yet. 🥰 #LoveIslandUSA @kendallwashington @Kordell Beckham ,971,192,29100,703100,290,46
2024-07-16,Other,It’s the looks from Serena and JaNa for us. 😆👀 #LoveIslandUSA @leah.kateb @NayNay @Ree💓 ,2837,870,87300,982800,1186,40
2024-07-16,Other,She said it. 😂 #LoveIslandUSA @kaylor @Aaron.evans ,4965,765,203800,2300000,4990,14
2024-07-16,Other,Feeling the vibes between these two. 😊 #LoveIslandUSA @Kassy @Robert Rausch ,9485,1202,344500,5100000,4974,33
2024-07-16,Other,"How well do the couples really know each other? 😬 Find out tonight PLUS who got saved and who gets dumped - 9pm ET / 6pm PT, only on @Peacock! ❤️ #LoveIslandUSA @ariana madix ",1168,850,39600,952800,2641,114
2024-07-16,Other,@NayNay shows us the Islanders’ favorite restaurant… the Hideaway! 😉 #LoveIslandUSA ,1405,275,55900,1000000,634,57
2024-07-16,Other,Boos and besties! 🥰 #LoveIslandUSA ,1051,294,24800,720500,338,0
2024-07-16,Other,"OMG, we could be here forever. 😅 #LoveIslandUSA @Aaron.evans @kaylor ",3018,249,153500,2200000,563,7
2024-07-16,Other,Someone give @leah.kateb a dollar! 💵✨ #LoveIslandUSA ,33600,889,997600,7600000,6318,8
2024-07-16,Other,Self love is always a priority! ❤️🥺 #LoveIslandUSA @daniortii @Sisi ,410,92,14800,637900,77,18
2024-07-15,Other,@MauraHiggins will forever be THAT girl. 💖✨ #LoveIslandUSA ,635,793,36900,1500000,176,14
2024-07-15,Other,The girls ATE in the Hearts on Fire challenge. ❤️‍🔥❤️‍🔥❤️‍🔥 #LoveIslandUSA ,6643,702,82300,1400000,3991,65
2024-07-15,Other,"It’s not hot in here, it’s just the boys. 😳🔥 #LoveIslandUSA ",2122,575,27400,1100000,1250,43
2024-07-15,Other,“This feels like a breakup.” 🥺 “It is.” 💔 #LoveIslandUSA @Robert Rausch @daniortii ,1837,477,62500,1500000,639,82
2024-07-15,Other,He came in Kenny and he’s leaving Kenneth. 😆 #LoveIslandUSA @Kenneth Rodriguez @Aaron.evans @Kordell Beckham @Miguel @kendallwashington ,2891,194,73800,1100000,314,29
2024-07-15,Other,"It’s up and up from here, babe! 💖 #LoveIslandUSA @NayNay @Kenneth Rodriguez ",2498,264,94300,1400000,185,17
2024-07-15,Other,Not folding like a pretzel! 😂🥨 #LoveIslandUSA @Aaron.evans @kaylor ,9944,456,217600,6100000,2988,21
2024-07-15,Other,"A Bombshell AND @MauraHiggins in the Villa?! 😱 Hearts will definitely be on fire tonight during a brand new #LoveIslandUSA at 9pm ET / 6pm PT, only on @Peacock. ❤️‍🔥",2513,848,60500,1000000,7144,121
2024-07-15,Other,The views from here are great. 😍 #LoveIslandUSA @NayNay @leah.kateb ,22300,870,860100,5600000,8564,20
2024-07-15,Other,Summertime sports and smiles! ☀️ #LoveIslandUSA,969,197,24500,694000,277,0
2024-07-15,Other,Consider this our RSVP. 🥰💍 #LoveIslandUSA @NayNay @Kenneth Rodriguez ,1820,183,53900,874200,317,7
2024-07-15,Other,Lesson of the day. #LoveIslandUSA @leah.kateb ,3360,166,167300,2000000,1065,5
2024-07-14,Other,Save this for your daily affirmation. 😉🔥 #LoveIslandUSA @NayNay ,1790,215,27200,661100,672,4
2024-07-14,Other,Dreams really do come true (on The Dock)! ❤️ #LoveIslandUSA @NayNay @Kenneth Rodriguez ,2171,549,48100,870900,405,93
2024-07-14,Other,The dedication. The setup. The poem. 😍 Kaylor and Aaron are officially bf and gf! #LoveIslandUSA @kaylor @Aaron.evans @Robert Rausch ,1061,643,23000,753900,470,57
2024-07-14,Other,"Not Olympians, but their efforts deserve gold. 🥇💖 #LoveIslandUSA ",1567,224,59200,941100,495,37
2024-07-14,Other,"Planning to meet the families, we have butterflies! 😊 #LoveIslandUSA @Kordell Beckham @Ree💓 ",3495,294,112900,1100000,656,67
2024-07-14,Other,"Be careful what you wish for, Leah. 😉 #LoveIslandUSA @Miguel @leah.kateb ",11400,464,292500,2000000,4718,22
2024-07-14,Other,We’d have to agree. 😍 #LoveIslandUSA ,842,246,37800,935100,297,27
2024-07-14,Other,"Discussions of the future and meeting parents?! We ❤️ to see it. Catch an all-new #LoveIslandUSA tonight at 9pm ET / 6pm PT, only on @Peacock. 🔥",2238,1194,64700,1000000,2911,116
2024-07-14,Other,"After leaving the Villa, Caine played ""Your Type on Paper"" with Social Ambassador @Celybird! Were his answers what you expected? 👀 #LoveIslandUSA @CB ",3578,323,149600,1800000,749,158
2024-07-14,Other,Cuddle bugs. 🥰 #LoveIslandUSA ,2125,336,56000,789100,892,0
2024-07-13,Other,"Hey, lovebirds! Tonight on Aftersun @Katie Maloney joins @MauraHiggins @ariana madix @Celybird and @Callum Hole 💖 #LoveIslandUSA ",1760,572,135300,2700000,2900,8
2024-07-13,Other,"Does #LoveIslandUSA Aftersun host @MauraHiggins have a crush?! 😊 Check out this unseen bit of her interview with Bombshell Harrison and don't miss a brand new Aftersun tonight at 9pm ET / 6pm PT, only on @Peacock! 🔥 @ariana madix @Katie Maloney ",23300,1781,634000,6600000,30800,129
2024-07-12,Bombshell,"We've got a hot seat on this week's episode of Aftersun! 🔥 Host @MauraHiggins spills the tea with exited Islanders and a panel of special guests tomorrow at 9pm ET / 6pm PT, only on @Peacock!  #LoveIslandUSA @ariana madix @Katie Maloney @Celybird @Callum Hole @Liv Walker @Daia Larie @catherine.marshalll @CB ",423,442,14600,1200000,85,22
2024-07-12,Bombshell,Our couples after tonight’s steal and dumping. 😍🔥 #LoveIslandUSA ,1477,1515,68500,1400000,500,13
2024-07-12,Bombshell,"@kendallwashington and @Nicole Jacky are obsessed with each other, and we ship it. ❤️ #LoveIslandUSA ",394,320,12800,817900,42,48
2024-07-12,Bombshell,How do we feel about Caine’s expectations? 👀 #LoveIslandUSA @CB @Sisi ,462,196,17500,804100,108,83
2024-07-12,Bombshell,Miguel being messy for the plot is sending us. 😆 #LoveIslandUSA @kendallwashington @Nicole Jacky @Miguel ,1078,120,29000,860100,105,11
2024-07-12,Bombshell,“You make me feel like myself when I’m around you.” 🥹🥹🥹 #LoveIslandUSA @Kordell Beckham @Ree💓 ,17900,1714,447800,3100000,8840,36
2024-07-12,Bombshell,Who’s gonna tell Caine? 🥲 #LoveIslandUSA @Sisi @daniortii ,1650,112,27700,617400,214,14
2024-07-12,Bombshell,"This time, no avocados were harmed. 😂 #LoveIslandUSA @Kordell Beckham @Ree💓 ",6894,304,179500,1500000,1476,27
2024-07-12,Bombshell,Leah’s been a nawwwsty girl. 😉 #LoveIslandUSA @leah.kateb @Miguel ,7874,441,238300,2700000,1513,24
2024-07-12,Bombshell,Safe to say the girls see something in Harrison. 😅😍 #LoveIslandUSA ,564,88,13000,526600,88,77
2024-07-12,Bombshell,"Good thing they like the beach, we’ve got one in the backyard. 🏝️ #LoveIslandUSA @Sisi ",308,79,10100,489100,64,54
2024-07-12,Bombshell,"No thoughts, just ✨Harrison✨ #LoveIslandUSA ",3575,333,71100,1300000,2012,62
2024-07-12,Bombshell,FaceTime with @NayNay be like… 😆🥰 #LoveIslandUSA ,3154,434,102900,1000000,1204,24
2024-07-12,Bombshell,"Some couples claim to be closed off, but are they really? 👀 Harrison steals someone's girl tonight on an all-new #LoveIslandUSA - 9pm ET / 6pm PT, only on @Peacock. 😱",1643,977,41800,775500,4169,106
2024-07-12,Bombshell,"Our social ambassador @Celybird plays a game of ""Your Type on Paper"" with @catherine.marshalll, @Daia Larie, and @Liv Walker! We'll see you later, ladies! 💛✨ #LoveIslandUSA",733,262,27800,729400,174,191
2024-07-12,Bombshell,Hot days turn into even hotter nights in the Villa. 🔥 #LoveIslandUSA ,1220,270,32100,664600,276,0
2024-07-12,Bombshell,We can always count on @leah.kateb to speak her mind. 👏 #LoveIslandUSA @Sisi ,8821,398,294900,2800000,420,17
2024-07-12,Bombshell,Sordell being closed off calls for a celebration. 🥳 #LoveIslandUSA @Ree💓 @Kordell Beckham ,1327,152,22800,361400,201,70
2024-07-12,Bombshell,Breakfast delivery and an apology - what a way to start the day! 🍳❤️ #LoveIslandUSA @kendallwashington @kaylor @Ree💓 @Nicole Jacky ,7750,275,202100,1900000,1326,48
2024-07-12,Bombshell,She left us with so many words to Liv by. 🥰 #LoveIslandUSA @Liv Walker ,7639,753,196200,2200000,1566,59
2024-07-11,Recoupling,The golden boy returns. 🤩 Do you think the second time will be the charm? #LoveIslandUSA ,3273,1267,121500,2500000,1658,31
2024-07-11,Recoupling,This sisterhood is everything. 😭💕 #LoveIslandUSA @Liv Walker ,20700,1230,434300,3800000,2847,46
2024-07-11,Recoupling,It’s giving romance and we’re OBSESSED! 😍 #LoveIslandUSA ,5366,852,132900,1500000,822,86
2024-07-11,Recoupling,Raise your hand if you missed @leah.kateb and @Miguel together! 💖 #LoveIslandUSA ,5696,1004,152700,1800000,1100,69
2024-07-11,Recoupling,This is NOT a drill! Sordell is back. 🥹🥰 #LoveIslandUSA @Ree💓 @Kordell Beckham ,4260,887,87200,976300,1530,69
2024-07-11,Recoupling,We stan a girl who checks up on her girls. 😅 #LoveIslandUSA @NayNay @Ree💓 @Liv Walker ,93200,1950,1800000,9800000,14800,29
2024-07-11,Recoupling,"They’ve come so far, and we love to see it. ❤️ #LoveIslandUSA @leah.kateb @Robert Rausch ",13700,1764,324400,3200000,3604,77
2024-07-11,Recoupling,🥹 Tag the JaNa to your Leah! #LoveIslandUSA @leah.kateb @NayNay ,1874,310,40600,676200,245,56
2024-07-11,Recoupling,Couples who hold each other accountable >>> 🔥 #LoveIslandUSA @kendallwashington @Nicole Jacky ,512,187,15600,574500,81,60
2024-07-11,Recoupling,“You can have an experience without ruining someone else’s.” 😢 #LoveIslandUSA @kaylor @Aaron.evans @Liv Walker ,9109,1494,237400,2600000,1844,60
2024-07-11,Recoupling,POV: The voices in our head. 🤐😅 #LoveIslandUSA @leah.kateb @NayNay ,40200,1059,1100000,9900000,15300,8
2024-07-11,Recoupling,Your emotions are always valid. 💕 #LoveIslandUSA @kaylor @Ree💓 @Daia Larie ,1166,249,41800,666200,98,33
2024-07-11,Recoupling,Catherine is so unserious. 😂 #LoveIslandUSA @catherine.marshalll ,419,61,8478,423100,120,9
2024-07-11,Recoupling,@ariana madix is ready for tonight’s recoupling! Which three girls do you think will get dumped? 💔 #LoveIslandUSA ,367,163,21700,531800,117,19
2024-07-11,Recoupling,"Movie Night continues with big emotions and THREE girls leave the Villa! 😱 Catch an all-new #LoveIslandUSA tonight at 9pm ET / 6pm PT, only on @Peacock. 🔥 @ariana madix ",5545,4276,133200,2100000,22300,113
2024-07-11,Recoupling,Chill days and rowdy nights. ✨🥰 #LoveIslandUSA ,1364,504,45200,812500,346,0
2024-07-11,Recoupling,@leah.kateb and @Miguel make us melt. 🧈🍞😊 #LoveIslandUSA ,4663,507,143500,1800000,952,15
2024-07-11,Recoupling,"Honest, independent, HOT. Don’t ever change, Liv. 🥺 #LoveIslandUSA @Liv Walker @Ree💓 @Nicole Jacky ",591,592,20700,539400,167,26
2024-07-11,Recoupling,Kendall and Nicole felt the Hideaway bliss. 💕 #LoveIslandUSA @Nicole Jacky @kendallwashington ,197,227,6723,448100,53,13
2024-07-10,Other,How do we move forward after Casa? Our latest issue of #LoveIslandUSA Villa Weekly dives into the Islanders' astrological signs and shares tips for everything we need to recuperate after Casa Amor. 💖✨,495,988,8854,914700,284,0
2024-07-10,Other,We don't waste 🥑 in this Villa. 😂 #LoveIslandUSA @Kordell Beckham @Ree💓 ,27700,2218,721000,9200000,24000,16
2024-07-09,Movie Night,Hurt feelings + no trust = a hard situation for Leah and Rob. 😢 #LoveIslandUSA ,4647,10800,101000,2300000,1895,71
2024-07-09,Movie Night,Serena isn’t having any of Kendall’s 💩💩💩 #LoveIslandUSA ,3581,2815,110300,1700000,368,45
2024-07-09,Movie Night,Note to self: avoid the words “back seat.” Movie Night is heating up! 😳 #LoveIslandUSA ,8571,6806,210800,2300000,2458,80
2024-07-09,Movie Night,Sometimes you just need to dock things out. 😎 #LoveIslandUSA #DockTok @Ree💓 @Kordell Beckham ,2016,864,46500,987400,520,66
2024-07-09,Movie Night,Detective work at its finest. 😆 #LoveIslandUSA @NayNay @Ree💓 @leah.kateb ,11500,721,255900,1900000,3786,20
2024-07-09,Movie Night,Guess this means no more lip balm for Kordell. 😏 #LoveIslandUSA ,3396,1278,86500,1200000,1491,80
2024-07-09,Movie Night,The Hideaway was a five ⭐️ experience for @Nicole Jacky. 🔥 #LoveIslandUSA ,3269,247,112200,1200000,270,77
2024-07-09,Movie Night,Closed off has a nice ring to it. 😊 #LoveIslandUSA @kendallwashington @Nicole Jacky ,725,290,19000,648900,122,45
2024-07-09,Movie Night,🚨The L-bomb has dropped! This is not a drill.🚨 #LoveIslandUSA @kaylor @Aaron.evans ,2414,1198,46600,888100,1487,61
2024-07-09,Movie Night,“I need you.” 🥹😭 #LoveIslandUSA @NayNay @Kenneth Rodriguez ,3386,451,52000,702800,883,92
2024-07-09,Movie Night,"Lights, camera, drama...it's almost Movie Night! See you tonight at 9pm ET / 6pm PT, only on @Peacock. 🎬 #LoveIslandUSA ",1531,829,50300,842100,2268,41
2024-07-09,Movie Night,"Wanna be our date to tonight's cinematic event?! 😉 You won't want to miss an explosive Movie Night - 9pm ET / 6pm PT, only on @Peacock. 🍿 #LoveIslandUSA",1992,2757,41300,738100,7448,120
2024-07-09,Movie Night,Feeling lucky? The wait is over! 😉 @Celybird gives us an exclusive first look at the Hideaway before the first couple heads in TONIGHT! 👀✨ #LoveIslandUSA,245,204,11000,566700,310,75
2024-07-09,Movie Night,Getting ready for Movie Night like… 🍿😆 #LoveIslandUSA @Miguel @Robert Rausch @kendallwashington ,37300,3087,1100000,7400000,73200,18
2024-07-09,Movie Night,Fun times and friendships. 🤗 #LoveIslandUSA ,1312,310,44100,837900,539,0
2024-07-09,Movie Night,She said what she said. 😂 #LoveIslandUSA @leah.kateb ,46100,1648,361000,3500000,24700,6
2024-07-08,Bombshell,Kaylor and Aaron can’t seem to get past what happened in Casa Amor. Was Aaron’s comment a joke or going too far? #LoveIslandUSA ,1673,1267,40500,1300000,676,62
2024-07-08,Bombshell,Daniela definitely matches Rob’s freak. 😏 #LoveIslandUSA @Robert Rausch @daniortii ,1444,674,26600,1400000,432,63
2024-07-08,Bombshell,"If it’s one thing, these girls will always have each others’ backs. 😭💖 #LoveIslandUSA ",1618,1078,43600,904200,119,67
2024-07-08,Bombshell,The Islanders felt some type of way after hearing your messages in the challenge. 😅 #LoveIslandUSA ,709,653,23000,768600,122,23
2024-07-08,Bombshell,The challenge left Kaylor wondering how much she really knows Aaron. 😳 #LoveIslandUSA ,3514,472,122700,2000000,345,46
2024-07-08,Bombshell,America had some truths for Kenny. Do you agree or disagree? 👀 #LoveIslandUSA ,5104,873,179200,2000000,1009,16
2024-07-08,Bombshell,Clarity comes after the storm clears. ❤️ #LoveIslandUSA @NayNay @Kenneth Rodriguez ,3803,616,91700,1200000,565,98
2024-07-08,Bombshell,Who else is blushing at this reunion? ☺️ #LoveIslandUSA @leah.kateb @Miguel ,3270,1256,96200,1100000,665,55
2024-07-08,Bombshell,“I’m willing to fight for you.” 🥺 Sordell has us in our feelings. ❤️ #LoveIslandUSA @Ree💓 @Kordell Beckham ,17500,3014,291700,2100000,7350,110
2024-07-08,Bombshell,"Major chats and maybe a few spats? 😬 The Islanders get messages from YOU tonight at 9pm ET / 6pm PT, only on @Peacock. 💖 #LoveIslandUSA ",3078,1851,78900,1200000,8459,117
2024-07-08,Bombshell,Smiles and smooches! 😘 Have a great Monday. #LoveIslandUSA ,1123,364,30800,768200,388,0
2024-07-08,Bombshell,@Liv Walker is so real for this one. 😅 #LoveIslandUSA @kaylor ,4263,449,197600,2200000,1355,14
2024-07-08,Bombshell,We can’t blame them. 🔥 #LoveIslandUSA ,8169,1159,328100,4500000,1577,21
2024-07-08,Bombshell,Our new favorite alarm clock. 😅 #LoveIslandUSA @Miguel ,3917,179,64300,1500000,879,3
2024-07-07,Recoupling,The way we can feel this pain. 😢 #LoveIslandUSA @Ree💓 @Kordell Beckham ,22300,4107,412300,3400000,8975,74
2024-07-07,Recoupling,Two truths and a lie is better than all lies… right? 👀 #LoveIslandUSA ,1003,1037,30200,932100,463,37
2024-07-07,Recoupling,@kendallwashington’s fit 1234567 ATE! 🔥 #LoveIslandUSA ,7631,527,345600,4200000,1789,8
2024-07-07,Recoupling,"Honesty and respect, that’s all we ask for! 👏🏼 #LoveIslandUSA @leah.kateb @Miguel ",1731,842,46200,882200,315,65
2024-07-07,Recoupling,The changes in the Villa are going to take some getting used to. #LoveIslandUSA ,804,805,25900,775900,198,71
2024-07-07,Recoupling,@Ree💓 will say it with chest. Every time. 🔥 #LoveIslandUSA ,22800,1188,305000,3100000,11200,10
2024-07-07,Recoupling,@kaylor has forgiven but the girls haven’t forgotten. 😕 #LoveIslandUSA ,2638,1137,135100,2100000,1079,26
2024-07-07,Recoupling,Was this test too much for JaNa and Kenny? 😞 #LoveIslandUSA @NayNay @Kenneth Rodriguez ,101800,6143,1300000,9300000,37100,89
2024-07-07,Recoupling,Will Kaylor and Aaron’s relationship sink? Find out on tonight’s special episode of The Dock. 😏 #LoveIslandUSA @kaylor @Aaron.evans ,671,352,15100,539700,173,44
2024-07-07,Recoupling,*screams internally* 🥰🥹🔥 @Nicole Jacky @kendallwashington ,498,163,15000,439300,56,46
2024-07-07,Recoupling,Miguel and Rob serving that big brother advice. 🥺 Should Serena take it? #LoveIslandUSA ,3716,512,71400,834900,587,55
2024-07-07,Recoupling,"Buckle up babes, there's a lot of explaining to do! 😬 See you tonight for an emotionally-packed episode at 9pm ET / 6pm PT, only on @Peacock. 😳 #LoveIslandUSA ",2268,1649,38500,624100,6213,101
2024-07-07,Recoupling,How crazy is Soul Ties this season? @KAY KALORE didn't just stop by #LoveIslandUSA Aftersun to spill the tea with host @MauraHiggins. She ALSO rated her favorite Soul Ties moments!,820,82,26200,687300,176,172
2024-07-07,Recoupling,This week's episode of #LoveIslandUSA Aftersun with host @MauraHiggins was EVERYTHING we needed after Casa Amor! ❤️‍🔥 What was your favorite moment with our special guests? #LoveIslandUSA,125,72,3869,458700,14,0
2024-07-07,Recoupling,The calm before the Casa Amor recoupling. 😬❤️ #LoveIslandUSA ,418,128,8953,525600,94,0
2024-07-07,Recoupling,@kaylor’s speech deserves a standing ovation. 👏🏼 #LoveIslandUSA ,4406,204,126300,1500000,308,49
2024-07-07,Recoupling,The girls didn’t hold back at the recoupling. 😬 #LoveIslandUSA ,9081,340,267300,2300000,636,8
2024-07-07,Recoupling,Read the room!!! 😅 #LoveIslandUSA ,3621,465,118100,1600000,2978,12
2024-07-06,Other,SURPRISE! 😍 Kassy and Harrison from last season are headed back to the Villa. ✨ Check out tonight’s #LoveIslandUSA Aftersun on @Peacock where they gave an exclusive interview to host @MauraHiggins! ✨,273,1237,11600,1000000,2056,0
2024-07-06,Other,Say what?! 🤯 Join #LoveIslandUSA Aftersun host @MauraHiggins as she gets the inside scoop on what really happened during Casa Amor - TONIGHT at 9pm ET / 6pm PT only on @Peacock. 🔥  @KAY KALORE @Celybird @Johnny Bananas ,4714,758,161400,2300000,21400,53
2024-07-06,Other,Spilling the tea is better together. (and there’s no shortage tonight on Aftersun with @MauraHiggins) #LoveIslandUSA @Celybird @Johnny Bananas  @KAY KALORE ,260,106,15600,636000,84,6
2024-07-05,Casa Amor,Sordell did not survive Casa Amor. 💔 #LoveIslandUSA @Kordell Beckham @Ree💓 ,30300,5370,600400,5300000,12200,130
2024-07-05,Casa Amor,This coupling left some Islanders speechless and others with a million questions. 🤯 #LoveIslandUSA @Robert Rausch ,10300,1756,268500,3600000,2474,119
2024-07-05,Casa Amor,"The sun has set on Casa Amor, leaving Kaylor and Aaron single. 🥺 #LoveIslandUSA @kaylor @Aaron.evans ",27100,1621,704400,7300000,6395,120
2024-07-05,Casa Amor,"Two’s a couple, three’s a crowd. 😟 Who will Kenny choose? #LoveIslandUSA @NayNay @Kenneth Rodriguez ",10900,1484,250300,3100000,2358,112
2024-07-05,Casa Amor,Is this the end for Leah and Miguel? Only time will tell… 👀 #LoveIslandUSA @leah.kateb @Miguel ,2973,919,86500,1500000,667,70
2024-07-05,Casa Amor,Nicole and Kendall staying loyal to each other has us giggling and kicking our feet. 😊 #LoveIslandUSA @kendallwashington @Nicole Jacky ,3101,413,95300,1300000,556,50
2024-07-05,Casa Amor,An Aussie + a Brit = a match made in Casa Amor heaven. 💖 #LoveIslandUSA ,6885,293,242000,2600000,686,55
2024-07-05,Casa Amor,We fan girl over @ariana madix every time. 😍🔥 #LoveIslandUSA ,303,116,13200,627200,59,18
2024-07-05,Casa Amor,Soul Spies: The Sequel. 🤩 #LoveIslandUSA ,2431,152,56500,1000000,608,74
2024-07-05,Casa Amor,Who knew picking a boy would require math! 😅 What do you think JaNa should do? #LoveIslandUSA @leah.kateb @NayNay ,1613,108,86200,1400000,106,47
2024-07-05,Casa Amor,"As the Casa Amor alum, Rob is passing down his wisdom. 🧠 #LoveIslandUSA @Robert Rausch @Aaron.evans ",735,441,26200,792600,286,42
2024-07-05,Casa Amor,She said it with chest!!! 🤭 #LoveIslandUSA @Ree💓 ,81500,2556,1500000,10800000,54300,6
2024-07-05,Casa Amor,"@kaylor said THANK 👏🏼 YOU 👏🏼 JESUS! And @Ree💓 can never be swindled, period. #LoveIslandUSA ",4256,269,129200,1300000,767,69
2024-07-05,Casa Amor,There’s nothing worse than seeing your friend heartbroken. 😥💔 #LoveIslandUSA @Liv Walker @kaylor ,1112,105,43000,704500,141,22
2024-07-05,Casa Amor,"""It smells like b*tch!"" 😳 Casa Amor comes to a close and the Islanders face a massive recoupling. Don't miss #LoveIslandUSA at 9pm ET / 6pm PT, only on @Peacock! 🔥",2037,765,41600,582800,3281,123
2024-07-05,Casa Amor,"This guest is bananas! 🍌 #LoveIslandUSA Aftersun host @MauraHiggins is joined by @Johnny Bananas tomorrow at 9pm ET / 6pm PT, only on @Peacock! ",170,263,6892,470200,1358,62
2024-07-05,Casa Amor,POV: Life before THE video from Casa Amor. 😏 #LoveIslandUSA ,515,131,13800,482800,150,0
2024-07-05,Casa Amor,Agree or disagree with Sydney on the overalls? 🤔 #LoveIslandUSA ,1961,239,95600,3300000,981,12
2024-07-05,Casa Amor,The boys have to decide where their hearts truly belong. ❤️ #LoveIslandUSA ,659,149,26700,628300,83,33
2024-07-04,Casa Amor,The video message from #CasaAmor left Serena and Kaylor rethinking their connections. 💔 #LoveIslandUSA ,6397,1415,118700,1700000,1831,164
2024-07-04,Casa Amor,Your intuition is never wrong. 😢 #LoveIslandUSA @Ree💓 ,3969,581,108500,1500000,1049,56
2024-07-04,Casa Amor,What happens in #CasaAmor doesn’t stay in Casa Amor. 🥺 #LoveIslandUSA ,7868,1398,227000,3100000,3037,15
2024-07-04,Casa Amor,Everything will be ok as long as you have your girls. ❤️ #LoveIslandUSA @kaylor @Liv Walker @Nicole Jacky ,1165,202,28500,679000,182,76
2024-07-04,Casa Amor,#CasaAmor is taking its toll on JaNa. 😔 #LoveIslandUSA @NayNay ,1798,337,58400,951000,212,69
2024-07-04,Casa Amor,This challenge wasn’t for the faint of heart (or weak of stomach). 🤢🌭🐷 #LoveIslandUSA ,1255,138,37800,728900,153,43
2024-07-04,Casa Amor,Being away from the boys is putting things into perspective. 💭💖 #LoveIslandUSA ,393,116,12600,453500,45,36
2024-07-04,Casa Amor,Supportive friends in the Villa are a must! Tag your bestie. ☺️ #LoveIslandUSA @kaylor ,914,90,61600,972200,88,6
2024-07-04,Casa Amor,@Miguel has nothing but 😍 for Sierra. #LoveIslandUSA ,784,242,15300,745400,150,32
2024-07-04,Casa Amor,Casa Amor has @Kordell Beckham hyped off life. 🔥 What do you think about @kendallwashington’s advice? #LoveIslandUSA ,1050,1019,29300,865600,455,46
2024-07-04,Casa Amor,"Casa Amor Day 3 has us gagged... literally! 😅 The girls receive a heart-stopping text tonight - don't miss it at 9pm ET / 6pm PT, only on @Peacock. 🔥 #LoveIslandUSA",991,609,19700,624600,2583,109
2024-07-04,Casa Amor,Happy #4thofJuly! ✨🎇🇺🇸 Casa Amor continues tonight at 9pm ET / 6pm PT on @Peacock. #LoveIslandUSA ,2522,359,142300,1100000,1345,12
2024-07-04,Casa Amor,Activate rest and relaxation mode! 😎 #LoveIslandUSA ,328,189,6583,385700,139,0
2024-07-04,Casa Amor,Kendall’s asking the questions we need answers to. 😏 #LoveIslandUSA @kendallwashington ,471,153,19900,569100,98,27
2024-07-04,Casa Amor,Avocado toast is definitely a love language. ❤️🥑 #LoveIslandUSA ,672,58,18400,573600,69,53
2024-07-03,Casa Amor,The Casa Amor Edition of The Villa Weekly is here! Find out the Casa Boys and Casa Girls astrological signs and more in our steamiest issue yet. ❤️‍🔥 #LoveIslandUSA,274,192,4837,559000,89,0
2024-07-03,Casa Amor,When plans finally make it out of the group chat! 🥳 What are you doing for the long holiday weekend?! #LoveIslandUSA ,9146,637,271700,2400000,5864,29
2024-07-03,Casa Amor,"Preparing for the #Olympics, clearly! 😄 Who had the best dive? #LoveIslandUSA ",2353,185,80100,990100,798,47
2024-07-02,Casa Amor,"Kaylor and Aaron are in different places and unfortunately, different headspaces. 😔 #LoveIslandUSA ",1855,1270,57000,1400000,1858,56
2024-07-02,Casa Amor,@kaylor and @leah.kateb are THE hype girls. 💖🔥 #LoveIslandUSA @Ree💓 ,3985,475,121600,1400000,351,32
2024-07-02,Casa Amor,We give these jumps a 1000/10! 🤩🏊‍♂️ #LoveIslandUSA ,4005,385,207200,2000000,5544,27
2024-07-02,Casa Amor,"Respectfully, is this respect? 🤔 #LoveIslandUSA ",1050,437,14600,731300,776,19
2024-07-02,Casa Amor,Not Miguel clocking Kordell’s tea like that! 😂 #LoveIslandUSA @Miguel @Robert Rausch @kendallwashington @Kordell Beckham ,1461,398,50100,1000000,472,9
2024-07-02,Casa Amor,Shiny and new or tried and true - which one are you picking? ❤️ #LoveIslandUSA ,1377,209,56300,917300,182,22
2024-07-02,Casa Amor,"“I literally asked for lip balm.” 😆 Aww Kordell, sweetie! #LoveIslandUSA @Kordell Beckham ",20300,1389,514900,5300000,3503,48
2024-07-02,Casa Amor,Just kidding. Totally kidding. 😏 #LoveIslandUSA ,489,70,13500,582100,179,6
2024-07-02,Casa Amor,No boops for Ignacio. 😂 #LoveIslandUSA @leah.kateb ,17300,544,408700,3700000,3387,26
2024-07-02,Casa Amor,"The second night of Casa Amor heats up with a game of Raunchy Races! 🥵 See what new connections are being made tonight at 9pm ET / 6pm PT, only on @Peacock! 🔥 #LoveIslandUSA ",1000,562,25500,651900,2071,100
2024-07-02,Casa Amor,Keeping up with Casa Amor! 😘 #LoveIslandUSA ,448,138,9695,510400,160,0
2024-07-01,Casa Amor,Class is in session as @Celybird presents The Art of Etiquette: A Guide to Mastering Manners at #CasaAmor! ❤️‍🔥 Learn how to be sassy and classy while making new connections. 💋😉 #LoveIslandUSA ,241,169,7454,792600,61,159
2024-07-01,Casa Amor,Distance makes the ❤️ grow fonder… for some. 👀 #LoveIslandUSA ,643,537,17100,608600,342,63
2024-07-01,Casa Amor,The Casa Boys did not come to play. 😂 #LoveIslandUSA ,9471,1228,325200,8400000,6913,6
2024-07-01,Casa Amor,Daia is dialed in on Kordell’s king energy. 👀🔥 #LoveIslandUSA @Kordell Beckham ,1893,1079,45700,1700000,870,40
2024-07-01,Casa Amor,It feels like we’re interrupting. ☺️ #LoveIslandUSA @Miguel ,2363,514,60400,1500000,1027,36
2024-07-01,Casa Amor,"But first, what’s your sign? 🌌✨ #LoveIslandUSA",2024,252,53600,1800000,649,35
2024-07-01,Casa Amor,#CasaAmor is bringing ALL the surprises this week. 😊 #LoveIslandUSA @ariana madix ,284,56,6390,400200,18,4
2024-07-01,Casa Amor,The boys are going on holiday! Will Casa Amor make or break their connections? 👀 #LoveIslandUSA @kendallwashington @Aaron.evans @Kordell Beckham ,706,247,22400,542400,209,56
2024-07-01,Casa Amor,Is love around the corner? Casa Amor sure is. 😏 #LoveIslandUSA ,497,62,16000,386900,67,82
2024-07-01,Casa Amor,Are new connections on the horizon?! 😱 #LoveIslandUSA ,417,98,16000,489400,121,69
2024-07-01,Casa Amor,"Oh she knows, Kendall. 😉 #LoveIslandUSA @kendallwashington @Nicole Jacky ",156,40,4003,267500,26,11
2024-07-01,Casa Amor,"Are you blushing, because we are BLUSHING! 😊❤️ #LoveIslandUSA @Kordell Beckham @Ree💓 ",1142,159,27100,394300,296,56
2024-07-01,Casa Amor,"It’s officially #CasaAmor week, can you tell we’re excited?! 🤩🔥✨",1001,52,22600,426100,192,11
2024-07-01,Casa Amor,"First night of Casa Amor and our jaw is on the FLOOR! 👀 Get to know the new Casa Boys and Girls tonight at 9pm ET / 6pm PT, only on @Peacock. ❤️ #LoveIslandUSA ",780,411,15800,388900,1838,118
2024-07-01,Casa Amor,"@ariana madix is giving us a behind the scenes look at #CasaAmor before the fun starts tonight! 🏝️ Don't miss it at 9pm ET / 6pm PT, only on @Peacock. ❤️‍🔥 #LoveIslandUSA",1630,590,81600,865200,4562,150
2024-07-01,Casa Amor,"@Nigel Okafor and @cass_laudano joined our Social Ambassador @Celybird for a game of ""Your Type on Paper."" Listen and play along! 🤩 #LoveIslandUSA",1243,508,52800,908100,328,155
2024-07-01,Casa Amor,Selfies and silliness… two of our favorite things. 😍 #LoveIslandUSA,428,75,8533,359200,127,0
2024-07-01,Casa Amor,Aaron really knows what buttons to push. 😅 #LoveIslandUSA @Aaron.evans @kaylor ,432,54,7063,351300,111,8
2024-07-01,Casa Amor,Good news for our bestie = good news for us! 🥰 #LoveIslandUSA ,275,95,5949,365700,91,16
2024-06-30,Bombshell,🥺🥺🥺 #LoveIslandUSA @leah.kateb @cass_laudano ,1811,1142,65300,1400000,248,36
2024-06-30,Bombshell,"Oh no, act natural! 👀 #LoveIslandUSA ",12900,1002,599500,5500000,1127,8
2024-06-30,Bombshell,Do you agree or disagree with this logic? 😇😈 #LoveIslandUSA @Robert Rausch ,1193,780,44900,1100000,457,9
2024-06-30,Bombshell,No connection compares to a bond between girls. 💕 #LoveIslandUSA @leah.kateb @cass_laudano ,10700,958,437900,4000000,1226,48
2024-06-30,Bombshell,Smiling and kicking our feet. 😊 #LoveIslandUSA ,514,119,20900,547300,88,13
2024-06-30,Bombshell,New relationship milestone unlocked. 💖🔑 #LoveIslandUSA @kaylor @Aaron.evans ,511,193,13500,442400,144,88
2024-06-30,Bombshell,Kendall never forgets. 🤩 #LoveIslandUSA ,2533,137,97000,1100000,617,9
2024-06-30,Bombshell,Aww the old makeup before bed trick. 😏 #LoveIslandUSA ,33200,717,1300000,12400000,4441,8
2024-06-30,Bombshell,Kordell coming in with the wise words! 🔥 #LoveIslandUSA @Kordell Beckham @Nigel Okafor ,531,166,16000,646900,119,48
2024-06-30,Bombshell,Liv: 😐 Nigel: Where’s my hug at? 🤗 #LoveIslandUSA ,1014,604,46900,908400,302,99
2024-06-30,Bombshell,So cute that Rob would give up his most prized possession. 😭 #LoveIslandUSA @Robert Rausch @cass_laudano ,383,135,9494,551500,76,23
2024-06-30,Bombshell,That’s why they call it puppy love. 😅🐶 #LoveIslandUSA @NayNay @Kenneth Rodriguez ,13700,3062,524200,8000000,37000,25
2024-06-30,Bombshell,"There's another exit from the Villa tonight, and it's Islanders' choice. 😱 See how it unfolds and who makes it to Casa Amor at 9pm ET / 6pm PT, only on @Peacock! 🔥 #LoveIslandUSA ",708,729,23000,524700,1740,106
2024-06-30,Bombshell,"Connor joined @Celybird for a game of ""Your Type on Paper."" See if you can guess his answers! ✨ #LoveIslandUSA",4672,1702,161700,2300000,3636,236
2024-06-30,Bombshell,Flex appeal and picture-perfect poses! 💪 #LoveIslandUSA ,353,94,7444,347500,131,0
2024-06-30,Bombshell,Such a fun group on this week's episode of #LoveIslandUSA Aftersun! ❤️‍🔥  What were your favorite moments? ,68,36,1746,247100,11,0
2024-06-30,Bombshell,Foam is the only logical answer. 😂 #LoveIslandUSA ,2440,99,127200,1500000,1728,9
2024-06-30,Bombshell,Kenny knows all the right things to say. 🥰 #LoveIslandUSA ,6889,303,156100,2300000,1250,9
2024-06-29,Other,"What does @Andrea Carmona have to say about Rob, Leah, and her exit from the Villa? Find out tonight during #LoveIslandUSA Aftersun when host @MauraHiggins is joined by @Celybird, @Jessica, @Leonardo and more - 9pm ET / 6pm PT, only on @Peacock. ",3437,2878,77900,2400000,3212,71
2024-06-29,Other,Meet the boys who are ready to shake things up. Casa Amor starts Monday! 👀❤️‍🔥 #LoveIslandUSA,556,692,14000,805900,3585,0
2024-06-29,Other,Let's go (to Casa Amor) girls! Find out who's caught their eye Monday night! 😏✨ #LoveIslandUSA,395,409,11900,785900,3090,0
2024-06-29,Other,"TOMORROW NIGHT! #LoveIslandUSA Aftersun host @MauraHiggins is joined by @Celybird, @Leonardo, @Jessica, @Andrea Carmona and more! See you at 9pm ET / 6pm PT, only on @Peacock. ",432,242,21500,852700,344,16
2024-06-28,Other,Casa Amor is almost here! Are you ready to meet the Casa Boys and Girls?! Tune in to #LoveIslandUSA Aftersun to see them for the first time tomorrow at 9pm ET / 6pm PT only on @Peacock.  👀 ,765,441,35800,916200,1662,41
2024-06-28,Other,"The Villa's newest couples just dropped and it's time for you to make your voice heard by voting for which couple you think is the most compatible! 🗳️💕 Download the Love Island USA app now to cast your vote. Voting is open for two and a half hours, closing at 12:30am ET | 9:30 pm PT on June 28th, 2024. Voting is open to U.S. residents 18 years or older. ",1172,1686,42100,1100000,730,13
2024-06-28,Other,"On a scale from 1 to Miguel, how much do you love spilling tea? 😅☕️ #LoveIslandUSA ",8644,909,229600,2200000,2626,18
2024-06-28,Other,Introducing the newest members of Liv’s fan club. 🔥 #LoveIslandUSA,670,307,16500,541000,256,19
2024-06-28,Other,Kendall really made things personal. 👀 #LoveIslandUSA ,1709,689,48700,779800,588,41
2024-06-28,Other,These boys are extra flexy! 💪😍 #LoveIslandUSA ,127,76,3621,422800,59,8
2024-06-28,Other,Chatting in the makeup room is our favorite form of group therapy. ✨💋 #LoveIslandUSA ,546,79,22300,588100,30,49
2024-06-28,Other,All is right in girl world again. 💕 #LoveIslandUSA ,7746,1652,246700,2300000,901,82
2024-06-28,Other,Looks like Connor and Cassidy might have each other on the hook. 🥰🐟 #LoveIslandUSA ,151,56,5308,329100,16,37
2024-06-28,Other,Debrief after the fight heard around the Villa. 🫣 #LoveIslandUSA ,2637,686,77400,1000000,249,80
2024-06-28,Other,"The boys put their flex appeal to the test! 💪 Don't miss tonight's recoupling that sends someone packing - 9pm ET / 6pm PT, only on @Peacock. #LoveIslandUSA  ",661,888,15600,457000,1306,118
2024-06-28,Other,What are the boys’ plans for tonight? What’re yours? Ours is watching a new episode of #LoveIslandUSA! 😉,13400,729,467400,3400000,6023,27
2024-06-28,Other,Ocean views and Villa hangs! 💖🌊 #LoveIslandUSA ,1035,263,41600,634400,493,0
2024-06-27,Recoupling,"It’s been a wild season of “The Dock,” only on #LoveIslandUSA! ",2368,1139,58600,1100000,792,91
2024-06-27,Recoupling,Oh no. 😳 #LoveIslandUSA ,15100,6479,396100,8100000,5913,81
2024-06-27,Recoupling,Are you heartbroken after watching this? 😢 #LoveIslandUSA ,1460,806,46700,1100000,282,48
2024-06-27,Recoupling,She had him for a second. 😮💨 #LoveIslandUSA @Ree💓 @Kordell Beckham ,5973,474,167500,1700000,1005,48
2024-06-27,Recoupling,🥰🥰🥰🥰🥰 #LoveIslandUSA @NayNay ,299,113,8141,363400,73,12
2024-06-27,Recoupling,Rob is wrangling up the facts and is ready to clear the air. 👀 #LoveIslandUSA @Robert Rausch @Aaron.evans ,568,549,16500,573800,102,47
2024-06-27,Recoupling,Fun fact: baddies have tummy issues. 😋🥛 #LoveIslandUSA ,490,117,19900,462400,106,15
2024-06-27,Recoupling,"“Cause if you don’t laugh, you cry.” 🥺 #LoveIslandUSA ",1017,198,40200,817800,93,52
2024-06-27,Recoupling,"What else are your hands in there for, @Kordell Beckham? 😂 #LoveIslandUSA ",2686,166,52900,727400,1296,8
2024-06-27,Recoupling,Were you caught off guard by Kendall’s decision? Sound off in the comments! #LoveIslandUSA ,2136,546,53500,967400,506,57
2024-06-27,Recoupling,"We’ve all been there, Nicole. 😩💕 #LoveIslandUSA @Nicole Jacky @kaylor ",626,53,33600,586500,74,17
2024-06-27,Recoupling,Kenny’s toe-tally crushing this flirt with Leah. 😅🦶🏼 #LoveIslandUSA @Kenneth Rodriguez @leah.kateb ,2146,134,84300,1300000,856,5
2024-06-27,Recoupling,POV: the latest Aaron update is ready to install. 🤖 #LoveIslandUSA @Aaron.evans ,3147,188,111300,1200000,1373,8
2024-06-27,Recoupling,He’s not a baby… but maybe your baby?! 😏 #LoveIslandUSA @NayNay @Kenneth Rodriguez ,13600,767,479700,5500000,1906,11
2024-06-27,Recoupling,One of these days the Islanders will get the hang of this. 😆 Today is not that day. 📱 #LoveIslandUSA ,2052,173,75400,576900,669,38
2024-06-27,Recoupling,What’s your word of the day? #LoveIslandUSA ,507,305,18000,403200,116,66
2024-06-27,Recoupling,First dates and fighting with your mates... sounds about right! 😏 Alleged lies come to light on an all-new #LoveIslandUSA - tonight at 9pm ET / 6pm PT on @Peacock. 🔥,1316,1933,36200,564400,3799,90
2024-06-27,Recoupling,Sneak peek at the Islanders’ new alarm clock. 😴⏰ #LoveIslandUSA @kendallwashington ,577,72,60600,713100,148,13
2024-06-27,Recoupling,Loving these steamy summer nights (and days). 😘🏝️ #LoveIslandUSA ,1874,323,106900,1300000,535,0
2024-06-27,Recoupling,No we haven’t… but now we kind of are. 🤓 #LoveIslandUSA @Robert Rausch @leah.kateb ,439,93,7604,316900,346,22
2024-06-26,Other,"On Wednesdays, we read the #LoveIslandUSA Villa Weekly. 💕✨ @ariana madix @MauraHiggins @Celybird @Deb ",324,226,4550,487300,204,0
2024-06-25,Bombshell,Kordell left it all on the dance floor. 😢 #LoveIslandUSA ,11600,3459,232100,2800000,6031,27
2024-06-25,Bombshell,JaNa is ready to twist and shout after seeing the new Bombshells! 😍 #LoveIslandUSA ,1108,332,31600,907200,130,20
2024-06-25,Bombshell,We need Kaylor and Nicole to be our hype women too! 🥰 #LoveIslandUSA ,10500,530,433200,4500000,1124,10
2024-06-25,Bombshell,What’s your drink of choice? 🥂 #LoveIslandUSA @Aaron.evans @NayNay @Nicole Jacky ,1257,499,71600,1500000,863,21
2024-06-25,Bombshell,So many moods while watching this: 🕺🏻💃🏻😅😳😭 #LoveIslandUSA ,1466,353,56700,1300000,154,52
2024-06-25,Bombshell,The numbers queen reigns supreme. 👑 #LoveIslandUSA @Ree💓 @Kordell Beckham ,664,357,18000,564900,401,30
2024-06-25,Bombshell,Liv answered without saying a word. 😳 #LoveIslandUSA ,947,1596,27400,830200,394,13
2024-06-25,Bombshell,"Agent Double OJ, freshly squeezed, not stirred. 🍊🕵🏻‍♂️ #LoveIslandUSA ",978,165,31500,618600,200,77
2024-06-25,Bombshell,We can’t unsee the boop. 🙃 #LoveIslandUSA @leah.kateb ,2798,220,66900,1300000,453,43
2024-06-25,Bombshell,Serena is the definition of a ride or die friend. 😅💕 #LoveIslandUSA @Ree💓 @leah.kateb ,54700,2249,1300000,14500000,27500,44
2024-06-25,Bombshell,"There's more than one type of game being played in the Villa tonight. 👀 Don't miss the arrival of three new Bombshells at 9pm ET / 6pm PT, only on @Peacock. 🔥 #LoveIslandUSA ",822,741,22200,553400,1723,118
2024-06-25,Bombshell,Rock 🪨 paper 📄 scissors ✂️ EAT 😋 #LoveIslandUSA @kendallwashington ,25200,1741,766400,6100000,27600,129
2024-06-25,Bombshell,It’s a selfie summer! ☀️ #LoveIslandUSA ,873,216,29200,539100,323,0
2024-06-25,Bombshell,Today’s geography lesson brought to you by Aaron’s short shorts. 😆 #LoveIslandUSA @kaylor @leah.kateb ,22600,1449,723700,10400000,20300,18
2024-06-25,Bombshell,A playful love is the best kind! 🥰 #LoveIslandUSA @Ree💓 @Kordell Beckham ,11900,647,248600,2000000,3057,58
2024-06-24,Other,"@Celybird and @Andrea Carmona spill the tea in a game of ""Your Type on Paper."" How many answers did you get right?! ❤️‍🔥 #LoveIslandUSA",6449,1871,234800,3400000,4338,156
2024-06-24,Other,"@HAKEEM WHITE joined @Celybird to reveal what he really thinks about the Islanders in this game of ""Your Type on Paper."" #LoveIslandUSA",1075,218,33300,1400000,519,119
2024-06-24,Other,What is going on??! #LoveIslandUSA @leah.kateb @Robert Rausch ,15000,3626,357900,3900000,6882,67
2024-06-24,Other,They are so real for this. 🤭 #LoveIslandUSA @kaylor @Aaron.evans ,1331,470,58400,766600,152,34
2024-06-24,Other,JaNa is asking the important questions. 😅 #LoveIslandUSA ,13400,486,360500,4500000,1336,60
2024-06-24,Other,We love you just the way you are @kendallwashington! 🫶🏼 #LoveIslandUSA ,2266,358,80500,1200000,3244,16
2024-06-24,Other,Girl’s debrief was very much needed after last night’s dumping. 😳 #LoveIslandUSA ,14300,761,358000,3100000,2788,30
2024-06-24,Other,"Honesty is the best policy, even when the truth hurts. 😔 #LoveIslandUSA @kendallwashington @Nicole Jacky ",827,200,26300,772600,102,75
2024-06-24,Other,To stay or to go? Did Rob make the right choice? 👀 #LoveIslandUSA ,1927,381,44500,924800,545,40
2024-06-24,Other,"It’s not a goodbye, it’s just a see you later. 🥲 #LoveIslandUSA @Robert Rausch @Andrea Carmona ",3498,1053,81900,2000000,2088,60
2024-06-24,Other,We love their bond. 💕 #LoveIslandUSA ,6904,496,179300,1600000,628,53
2024-06-24,Other,"""I feel like I've got a clown nose on."" 🤡 Emotions are still running high after last night's dumping that left the Islanders devastated! 🔥 See how the Villa changes tonight at 9pm ET / 6pm PT, only on @Peacock! #LoveIslandUSA ",1552,754,36300,844000,1370,106
2024-06-24,Other,Happy birthday to our fabulous host @ariana madix! 🎂✨ We love you. 😍 #LoveIslandUSA,203,98,8306,388300,44,76
2024-06-24,Other,Besties and festie gear! 🤩 #LoveIslandUSA ,447,112,7504,498700,138,0
2024-06-23,Other,👁️💧👄💧👁️ #LoveIslandUSA ,80700,12900,1300000,14500000,40100,78
2024-06-23,Other,Agree or disagree: this convo was uncomfy. 😩 #LoveIslandUSA @NayNay ,1222,1161,34800,935700,155,36
2024-06-23,Other,Sparks are flying! Do you think they should take a chance on each other? 💕🤔 #LoveIslandUSA @Nicole Jacky @Miguel ,785,142,25800,1000000,202,45
2024-06-23,Other,Explain this clip to your friend who hasn’t watched this season of #LoveIslandUSA yet. 😂 @Aaron.evans @leah.kateb ,6325,337,152200,2800000,1070,11
2024-06-23,Other,Do besties know best?! Who do you think is the most toxic? 👀 #LoveIslandUSA ,1992,267,72300,1100000,246,47
2024-06-23,Other,Leah wants to be crazy in love. 🤪 #LoveIslandUSA @leah.kateb ,20700,1193,246500,3300000,36500,12
2024-06-23,Other,We love a good slow burn.❤️‍🔥 #LoveIslandUSA @Ree💓 @Kordell Beckham ,1539,259,43200,831800,243,40
2024-06-23,Other,Are you team big spoon or little spoon? 😅 #LoveIslandUSA @NayNay @HAKEEM WHITE ,262,80,9763,383200,43,16
2024-06-23,Other,@Celybird and @Deb give us a sneak peek into tonight's challenge! Which couples do you think will crush the competition?! 👀🍄🧁 #LoveIslandUSA ,94,54,2854,286500,25,99
2024-06-23,Other,"Your votes are in! One boy and one girl will leave the Villa TONIGHT! 💔 You won't want to miss the first double dumping of the summer at 9pm ET / 6pm PT, only on @Peacock. 😳 @ariana madix ",354,236,8228,336300,438,123
2024-06-23,Other,@Celybird gets the tea from @Hannah now that she’s out of the Villa. Did any of their answers surprise you?! 💖 #LoveIslandUSA,706,92,20000,442700,293,295
2024-06-23,Other,There’s always time for a pool session. ☀️💦 #LoveIslandUSA ,339,73,5597,349900,92,0
2024-06-23,Other,Two hype girls link up. @ariana madix @Hannah #LoveIslandUSA,129,42,4434,371900,67,4
2024-06-22,Other,#LoveIslandUSA Aftersun host @MauraHiggins is rounding up the week with @ariana madix and other special guests. Tune in tonight at 9pm ET / 6pm PT on @Peacock! 💕✨,4114,368,183600,2400000,669,51
2024-06-22,Other,Sounds like Liv found a travel buddy. ✈️ #LoveIslandUSA @Miguel ,801,237,35200,937300,202,21
2024-06-22,Other,Saturday just got better! 🤩 #LoveIslandUSA Aftersun host @MauraHiggins is joined by some of our favorites tomorrow night. Don't miss the fun at 9pm ET / 6pm PT on @Peacock. 🎉 @ariana madix @Celybird @Deb @Callum Hole @Hannah ,168,105,5065,479900,65,14
2024-06-21,Recoupling,The Villa won’t be the same without @Hannah! 🥺💔 #LoveIslandUSA,448,494,11300,444700,90,41
2024-06-21,Recoupling,Is the pressure of recoupling getting to Serena?! 👀 #LoveIslandUSA @Kordell Beckham @Aaron.evans ,906,434,29800,810100,154,44
2024-06-21,Recoupling,It feels like we’re interrupting. 😏 #LoveIslandUSA @Miguel ,3174,207,60200,1200000,1049,28
2024-06-21,Recoupling,Clear communication at 💯‼️ #LoveIslandUSA ,1492,568,43900,611700,210,78
2024-06-21,Recoupling,@NayNay is going the egg-stra mile for @Miguel. 😂🍳 #LoveIslandUSA ,386,192,10200,343000,156,73
2024-06-21,Recoupling,Bucket list: romantic kiss in the rain. ✅ #LoveIslandUSA @leah.kateb ,983,782,21400,537200,223,26
2024-06-21,Recoupling,True story from our newest Bombshell @Miguel. 🥰 #LoveIslandUSA ,3303,386,121400,2200000,2057,7
2024-06-21,Recoupling,This fire sign can take the heat. ♐️🔥 #LoveIslandUSA @NayNay ,486,61,21200,460700,96,15
2024-06-21,Recoupling,"Flirty Bombshell, feuding besties, and a boys' choice recoupling! 🤯 Start your weekend with an all-new #LoveIslandUSA at 9pm ET / 6pm PT on @Peacock. 💖",835,461,17700,431400,488,138
2024-06-21,Recoupling,Sunshine and nap time are all we need! ☀️😴 #LoveIslandUSA ,203,78,4157,327000,127,0
2024-06-21,Recoupling,The sweetest gesture. 🫶🏼 #LoveIslandUSA ,2323,244,64200,1700000,537,31
2024-06-21,Recoupling,Happiness for all. 🥹💗 #LoveIslandUSA ,15900,1381,563100,5200000,1740,10
2024-06-21,Recoupling,We all have those days. 😢 #LoveIslandUSA ,4460,566,195600,2100000,1040,12
2024-06-20,Bombshell,Did Kaylor just invent a new hack? 😏 #LoveIslandUSA @kaylor @Kordell Beckham ,2206,593,107400,3900000,748,15
2024-06-20,Bombshell,Friends to opp… 🫠 #LoveIslandUSA @NayNay @kendallwashington ,519,746,18500,645700,84,33
2024-06-20,Bombshell,An unexpected plot twist. 🤯 #LoveIslandUSA @NayNay @kaylor ,4350,836,221600,2800000,295,11
2024-06-20,Bombshell,"New day, new Leah and Rob confrontation. 👀 #LoveIslandUSA @leah.kateb @Robert Rausch ",1766,429,46300,1100000,791,27
2024-06-20,Bombshell,The Islanders are planting seeds to help JaNa grow her connection with Connor. 😅🌿 #LoveIslandUSA @NayNay @Aaron.evans ,26700,1542,547700,4600000,11300,58
2024-06-20,Bombshell,Uh ohhhh! 😳 #LoveIslandUSA @HAKEEM WHITE ,1260,280,31600,612500,334,72
2024-06-20,Bombshell,"At the end of the day, you have to follow your ❤️. #LoveIslandUSA @Robert Rausch @Andrea Carmona ",657,401,17500,618600,246,44
2024-06-20,Bombshell,All the tequila girlies to the front! 🥃😜 #LoveIslandUSA @Hannah ,2638,76,94600,1600000,346,5
2024-06-20,Bombshell,"Hey lovebirds! 😉 The Islanders face accusations, unclear intentions and a kissing game tonight - 9pm ET / 6pm PT on @Peacock. 💋 #LoveIslandUSA ",872,392,16900,415500,1152,141
2024-06-20,Bombshell,FIT CHECK! 🔥 Liv and Kaylor are serving up the latest in Villa fashion. #LoveIslandUSA @kaylor ,704,108,25500,642800,224,61
2024-06-20,Bombshell,"Buds, besties, and balancing acts! 🍷 #LoveIslandUSA ",401,113,5622,399000,178,0
2024-06-19,Other,"The Villa Weekly is here! 💖 Find out which of Ariana's fits matches your vibe, discover Maura's Aftersun must-haves, get Cely's fashion secrets and find out which outfit your sign would wear in our first-ever style issue. #LoveIslandUSA @ariana madix @MauraHiggins @Celybird ",181,95,3039,648300,50,0
2024-06-19,Other,All you need is a little push from your girls. 🙌 #LoveIslandUSA ,3422,639,131400,3300000,746,47
2024-06-19,Other,Kendall and Nicole are getting nostalgic! 😘 #LoveIslandUSA @Nicole Jacky @kendallwashington ,213,150,7284,761800,94,18
2024-06-18,Other,If looks could kill. 🫢 #LoveIslandUSA ,88200,5846,1900000,16500000,50100,26
2024-06-18,Other,“I’m sorry…” 😳 #LoveIslandUSA ,4263,733,117000,2300000,2515,52
2024-06-18,Other,Sometimes your girls know you better than you do. 😏 #LoveIslandUSA @Nicole Jacky @HAKEEM WHITE ,759,189,22000,1200000,446,23
2024-06-18,Other,Kendall is the hype man we all deserve! 😆 #LoveIslandUSA @kendallwashington @leah.kateb ,883,63,12300,703500,498,3
2024-06-18,Other,Leah + Serena = friendship goals. 🥹 #LoveIslandUSA @leah.kateb @Ree💓 ,37700,710,817100,6100000,4553,22
2024-06-18,Other,A post-fight bebrief with your bestie is a MUST. 😭❤️ #LoveIslandUSA @leah.kateb @Ree💓 ,3594,375,96600,1300000,783,68
2024-06-18,Other,A bombshell dropped on Leah and Rob’s relationship. 😩 #LoveIslandUSA ,8026,1886,135600,2200000,5694,149
2024-06-18,Other,The calm before the storm… 😧 #LoveIslandUSA ,54800,1816,1400000,13400000,17300,15
2024-06-18,Other,We’re here for this healthy communication. 🔥 #LoveIslandUSA @kaylor @Aaron.evans ,258,76,6161,487800,84,34
2024-06-18,Other,We love a girly who takes the high road. 💖 #LoveIslandUSA ,816,85,30400,553400,175,24
2024-06-18,Other,"Fears, tears and a recoupling?! 👀 The Islanders are drowning in drama on tonight's new episode of #LoveIslandUSA - 9pm ET / 6pm PT on @Peacock. 💔",704,363,12800,554200,830,109
2024-06-18,Other,Before the date night… 😏 #LoveIslandUSA @kendallwashington @Aaron.evans ,948,150,47300,753800,1645,23
2024-06-18,Other,She is THAT GIRL. 🥵😊 #LoveIslandUSA @NayNay ,622,109,16200,384600,589,15
2024-06-18,Other,Just Villa vibes. 😊🔥 #LoveIslandUSA ,382,96,7285,354300,140,0
2024-06-18,Other,Avocado toast is a love language on #LoveIslandUSA. 😂 What’s yours? ,3281,207,118600,1500000,1896,64
2024-06-18,Other,There’s nothing wrong with a little healthy competition. 😉 #LoveIslandUSA @Kordell Beckham @Nicole Jacky ,563,90,37200,707100,172,11
2024-06-18,Other,Be careful what you wish for @Robert Rausch… you might not get it. 👀 #LoveIslandUSA ,8380,481,265100,4300000,6779,5
2024-06-18,Other,"You live, you love and you learn. 💖 #LoveIslandUSA @kendallwashington @Nicole Jacky ",384,34,22700,693900,114,19
2024-06-17,Other,A couple of kisses are shaking up the Villa. 🔥😊 #LoveIslandUSA @Nicole Jacky @Andrea Carmona ,1108,353,25700,1200000,384,38
2024-06-17,Other,A romantic date on the beach?! Tag who you would bring. 🥰 #LoveIslandUSA ,184,122,5543,323600,62,66
2024-06-17,Other,Eyes always speak the truth. 👀 #LoveIslandUSA @Robert Rausch @Andrea Carmona ,1255,490,57200,2000000,774,11
2024-06-17,Other,"Honestly, we can’t blame her. 🤷🏻‍♀️ #LoveIslandUSA ",22900,881,444400,6700000,9531,53
2024-06-17,Other,"Geez Kendall, read the room. 😏🥲 #LoveIslandUSA @kendallwashington @leah.kateb ",554,81,16700,478500,72,22
2024-06-17,Other,"Same, @kaylor, same. 😂 #LoveIslandUSA ",90,14,1012,189700,24,4
2024-06-17,Other,This is our new daily affirmation. 💅🏼✨ #LoveIslandUSA @Hannah ,3884,187,50400,5400000,1178,4
2024-06-17,Other,Kisses shock and relationships rock. 😱 Are some of the couples in hot water? Find out tonight on an all-new #LoveIslandUSA - 9pm ET / 6pm PT on @Peacock! 🔥,207,127,2903,203800,159,115
2024-06-17,Other,Always trust your intuition. 💖 #LoveIslandUSA ,192,14,2038,209200,43,4
2024-06-17,Other,Working towards an underwear party. 😘💪 #LoveIslandUSA ,253,27,3467,256500,81,0
2024-06-17,Other,We love to see the boys supporting each other. 😭💙 #LoveIslandUSA ,2061,193,62100,707600,743,41
2024-06-17,Other,Liv is a tough critic. 😂🥞 #LoveIslandUSA @HAKEEM WHITE ,70,138,1236,175500,22,18
2024-06-16,Bombshell,"@ariana madix, what are you doing here? 😍🔥 #LoveIslandUSA ",798,124,32600,703100,475,10
2024-06-16,Bombshell,It’s the little things. 🥹 #LoveIslandUSA @NayNay ,2825,242,41700,476300,951,37
2024-06-16,Bombshell,RIP Sordell. 💔 #LoveIslandUSA ,2636,391,77400,962200,1332,54
2024-06-16,Bombshell,We can’t turn away. 🍿😏 #LoveIslandUSA @NayNay ,74,18,1183,148100,5,4
2024-06-16,Bombshell,Besties for the resties. ☺️ #LoveIslandUSA ,386,28,9844,247300,89,22
2024-06-16,Bombshell,"You’ll want to hear this! Join @Brie Garcia and @Nikki Garcia as they dive into all things #LoveIslandUSA on our new podcast, Love Island: Spill the Tea with Nikki and Brie. Listen wherever you get your podcasts! 🌴🎧 ",27,6,443,141500,2,0
2024-06-16,Bombshell,Hakeem doesn’t forget but will he forgive? 🤔 #LoveIslandUSA @HAKEEM WHITE ,601,108,28700,1400000,150,8
2024-06-16,Bombshell,Are you team dry or wet toothbrush? 👀🦷 #LoveIslandUSA @Robert Rausch ,275,28,9460,305200,142,9
2024-06-16,Bombshell,JaNa and Connor are putting out fires left and right. ❤️‍🔥 #LoveIslandUSA @NayNay ,735,120,23900,557100,122,16
2024-06-16,Bombshell,Supportive friends >>>>> 💙 #LoveIslandUSA @kaylor @Robert Rausch ,456,76,16800,428400,142,36
2024-06-16,Bombshell,It's cuffing season in the Villa! 😉 Don't miss the explosive entrance of Bombshells Andrea and Nicole tonight - 9pm ET / 6pm PT on @Peacock. 💖 @ariana madix ,131,77,1921,173000,48,104
2024-06-16,Bombshell,Bombshells Andrea and Nicole brought the heat to #LoveIslandUSA Aftersun! 🔥 Host @MauraHiggins shared her tips for making an unforgettable entrance. 😍 Stream Aftersun now before the girls' first time in the Villa TONIGHT - 9pm ET / 6pm PT on @Peacock. ,4707,162,130900,1900000,388,33
2024-06-16,Bombshell,Sexy Islanders and sweet snoozes. 😴🏝️ #LoveIslandUSA ,256,23,5381,243900,95,0
2024-06-15,Other,"Dancing our way into the first ever #LoveIslandUSA Aftersun! 🔥 Host @MauraHiggins is joined by @ariana madix, @Celybird, @Jessica, @Coye, two new Bombshells and more - TONIGHT at 9pm ET / 6pm PT on @Peacock. 😘",363,117,14300,465800,167,68
2024-06-14,Recoupling,@MauraHiggins has a secret: she's got two beautiful Bombshells! 😘 Meet them and get all the behind-the-scenes details when she hosts our new talk show #LoveIslandUSA Aftersun TOMORROW - 9pm ET / 6pm PT - only on @Peacock. ,9235,410,364100,5200000,4671,52
2024-06-14,Recoupling,It’s all fun and games… until it’s not. 🥲 #LoveIslandUSA @kendallwashington @Hannah ,695,152,23300,702900,333,90
2024-06-14,Recoupling,@HAKEEM WHITE swears he’s double cheeked up. 🍑😅 #LoveIslandUSA ,232,51,5053,280700,457,14
2024-06-14,Recoupling,The challenge that changed everything. 🫣🤭💋 #LoveIslandUSA ,6254,163,133000,2300000,3864,53
2024-06-14,Recoupling,“No… us!” 🥹 #LoveIslandUSA @kaylor @Aaron.evans ,660,87,21800,600600,153,48
2024-06-14,Recoupling,You are what you wrangle. 👀🐍 #LoveIslandUSA @Robert Rausch ,2471,461,91200,1900000,609,50
2024-06-14,Recoupling,"Exactly… whatever you say, handsome. 🥰 #LoveIslandUSA @NayNay ",4653,613,55400,839800,1272,17
2024-06-14,Recoupling,"""Don't make me look like a f*cking idiot!"" 👀 Couples' connections are tested tonight - see what happens at 9pm ET / 6pm PT on @Peacock. 🔥 #LoveIslandUSA ",147,81,2053,165800,62,146
2024-06-14,Recoupling,Flipping out over @kendallwashington’s pancake skills. 😅🥞 #LoveIslandUSA ,11200,744,464800,4200000,6535,118
2024-06-14,Recoupling,@Coye waves a big hand goodbye to the Villa! 🌴👋🏾 #LoveIslandUSA ,1020,408,30600,925600,1531,28
2024-06-14,Recoupling,Villa vibes = 💋😎🍊🪲👙 #LoveIslandUSA ,452,30,5938,257200,183,0
2024-06-14,Recoupling,"We can be one of the boys, babe. 😏😅 #LoveIslandUSA ",1119,36,54200,783700,563,5
2024-06-13,Other,The first recoupling was 😳 Whose reaction matched yours? #LoveIslandUSA @ariana madix ,1916,297,60700,1300000,256,18
2024-06-13,Other,Are you team 50/50 or nah? 😏😂 #LoveIslandUSA @Hannah @HAKEEM WHITE ,1282,185,28600,3800000,436,20
2024-06-13,Other,"First choice, always. 🙌👑 #LoveIslandUSA @NayNay ",895,70,28000,427000,184,6
2024-06-13,Other,“I WOULD know how to get away with it.” 😅 True crime girlies have entered the chat. 🕵🏽‍♀️ #LoveIslandUSA @NayNay ,1802,154,32500,510300,369,17
2024-06-13,Other,Serena has Kordell (and us) giggling and kicking our feet. 😊💖 #LoveIslandUSA @Kordell Beckham @Ree💓 ,3405,279,56400,659800,1567,28
2024-06-13,Other,"Love triangles, body counts and the first recoupling! 😱 See which boy Islander goes home first on an all-new #LoveIslandUSA - tonight at 9pm ET / 6pm PT on @Peacock. 🔥",214,39,2436,179800,67,145
2024-06-13,Other,Besties and Bros! 👯‍♀️💪 #LoveIslandUSA ,227,18,2854,211900,66,0
2024-06-13,Other,"Rob, do you get deja vu? 😵‍💫💭 #LoveIslandUSA ",384,28,9971,569800,75,32
2024-06-13,Other,WE VOLUNTEER! 🙋🏼‍♀️ #LoveIslandUSA ,4945,773,215900,10800000,1768,15
2024-06-12,Bombshell,Our love language is… whatever this is. 👀🤩❤️‍🔥 #LoveIslandUSA ,8308,427,244200,2000000,6188,16
2024-06-12,Bombshell,They are international super (soul) spies. 😆🕵🏽‍♀️ #LoveIslandUSA ,2166,130,61500,585700,363,36
2024-06-12,Bombshell,We only workout if the bombshells are watching. 😊 #LoveIslandUSA ,1917,29,73700,867100,249,36
2024-06-12,Bombshell,Is it getting 🔥 in here or is it just Connor? 👀 #LoveIslandUSA ,229,13,3406,160000,104,61
2024-06-12,Bombshell,We 🫶🏼 a girl’s girl. Tag your bestie! 🥹 #LoveIslandUSA ,2680,112,82800,996400,348,18
2024-06-12,Bombshell,"Deep breaths, babe.💨 #LoveIslandUSA ",698,236,35400,776500,262,27
2024-06-12,Bombshell,The bombshells are bombshelling! 👀See if the couples stay the same or if their eyes wander tonight during a new #LoveIslandUSA at 9pm ET / 6pm PT on @Peacock. 🔥,178,67,2247,152700,91,128
2024-06-12,Bombshell,First day Villa vibes! 🏝️ #LoveIslandUSA ,261,19,3401,222000,77,0
2024-06-11,Other,Um… 😐😅 #LoveIslandUSA @Ree💓 @Kordell Beckham ,24600,6840,748000,14900000,69000,7
2024-06-11,Other,When you don’t kiss and tell but your makeup does! 💋😭 #LoveIslandUSA @Hannah @kendallwashington @Coye ,13300,544,432000,7700000,16000,18
2024-06-11,Other,BABE! The first #LoveIslandUSA couples just dropped. 🥳🫶🏼 ,1322,128,42800,785500,505,21
2024-06-11,Other,Fine in every font. 🥵 #LoveIslandUSA ,1642,99,64500,1200000,376,7
2024-06-11,Other,Ladies and gentlemen ✨@ariana madix✨ #LoveIslandUSA ,108,88,2883,148000,166,7
2024-06-11,Other,Astrology girlies get it. ⭐️🪐🌌 #LoveIslandUSA ,3753,452,126000,1600000,2288,21
2024-06-11,Other,GIRLHOOD (Love Island USA Edition) 💖✨ #LoveIslandUSA ,973,62,29200,345800,166,59
2024-06-11,Other,Hot off the press - It's the Villa Weekly! ✨ Our new magazine has the exclusive scoop on all things #LoveIslandUSA. See you TONIGHT for the Premiere at 9pm ET / 6pm PT on @Peacock. 🔥,31,8,496,124600,6,29
2024-06-11,Other,There's nothing like a first kiss... or 10! 😘 Don't miss the Islanders' first night in the Villa when #LoveIslandUSA premieres TONIGHT at 9pm ET / 6pm PT on @Peacock. 🔥,751,181,13900,2100000,1973,161
