Date,Staple_Segments,Caption,Comment_Count,Like_Count,Post_Type,Video_Length,Video_Plays,Video_Views
2024-08-19,Reunion,What did you think of the full fire pit moment? 🔥 #LoveIslandUSA,3247,65944,Video,32.448,3165952.0,1370301.0
2024-08-19,Reunion,Fun fact: Kordell is a breakfast wizard. 🥑🍞🥞 #LoveIslandUSA,572,30779,Video,18.069,1542652.0,646004.0
2024-08-19,Reunion,"BRB, need more snacks. #LoveIslandUSA",733,22253,Video,35.52,832340.0,304480.0
2024-08-19,Reunion,"We can’t wait to see you in 2025 for the return of Love Island Games and #LoveIslandUSA. Until then, we love you all! ❤️",2804,32375,Video,20.032,1262905.0,437569.0
2024-08-19,Reunion,Came for love. Left with lifelong friendships (and love). 😊 #LoveIslandUSA,779,15061,Video,27.499,779997.0,271519.0
2024-08-19,Reunion,“Everything unfolded the way it was supposed to.” #LoveIslandUSA,1162,34053,Video,21.035,2340149.0,1004893.0
2024-08-19,Reunion,It’s all good in girlhood. 😊 Love to see it! #LoveIslandUSA,1032,46673,Video,30.208,1268719.0,464012.0
2024-08-19,Reunion,Wondering if ‘fawk’ will make it onto a neon sign next year. 🤔 #LoveIslandUSA,464,16088,Video,12.715,757751.0,246693.0
2024-08-19,Reunion,Support is the best love language. ❤️ #LoveIslandUSA,1739,41827,Video,17.301,1346450.0,462849.0
2024-08-19,Reunion,From bamboozled to boyfriend and girlfriend?! Congrats Leah and Miguel! 😍 #LoveIslandUSA,903,57307,Video,48.32,1046245.0,379390.0
2024-08-19,Reunion,Korena being official makes us SO happy! ❤️ #LoveIslandUSA,294,28259,Video,57.109,734737.0,261133.0
2024-08-19,Reunion,"It’s ok JaNa, we match your freak. 😅 #LoveIslandUSA",1334,167284,Video,19.605,3018103.0,1155399.0
2024-08-19,Reunion,Our girl @arianamadix brings the love to NYC! 💖 #LoveIslandUSA - The Reunion starts NOW on @Peacock! 🤩,325,28005,Video,42.283,941274.0,212957.0
2024-08-19,Reunion,"The cast are all part of the Love Island USA fam now, and while we love your passion for them, we ask that you always choose to be kind. Let’s lift them up and spread the love. Enjoy the reunion, and see you in Fiji next summer! 💕 #LoveIslandUSA #SpreadLove #ChooseKindness",1302,144681,Image,0.0,0.0,0.0
2024-08-19,Reunion,"Who you got? ☝️

#LoveIslandUSA - The Reunion drops August 19 at 9 pm ET on Peacock.",1269,110727,Video,111.147,1906560.0,670611.0
2024-07-21,Finale,"🥹 We're not crying, you are. 
#LoveIslandUSA",1500,143178,Video,138.176,3517851.0,1083547.0
2024-07-21,Finale,"""Before you came in, I was waiting for you."" 🥰
 #LoveIslandUSA",419,29968,Video,59.025,864374.0,247904.0
2024-07-21,Finale,"Each date was one for the books. ❤️‍🔥 Which epic date would you want to go on?
#LoveIslandUSA",887,176300,Sidecar,0.0,0.0,0.0
2024-07-21,Finale,These declarations of love are going fine. Just fine. Totally fine. 😬 #LoveIslandUSA,535,53034,Video,53.44,1286014.0,530350.0
2024-07-21,Finale,"Serena and Kordell celebrate their win with @Arianamadix! Hear about their journey and their post-Villa plans. 🏝️❤️ 
#LoveIslandUSA",3621,280712,Video,210.453,9721180.0,2903170.0
2024-07-21,Finale,"Communication is key. 🫶💕
#LoveIslandUSA",619,27843,Video,82.091,936881.0,324536.0
2024-07-21,Finale,"SURPRISE! Don’t miss us just yet. 😉 @arianamadix will host this season’s #LoveIslandUSA Reunion August 19, only on @Peacock. ❤️🎉",1205,65812,Video,46.485,2925497.0,788700.0
2024-07-21,Finale,"One final(e) slay from @arianamadix! 💙✨
#LoveIslandUSA",2095,110665,Video,9.685,3239788.0,1100555.0
2024-07-21,Finale,Your #LoveIslandUSA 2024 winners are... 🥰 ❤️,4299,227350,Video,51.904,9214425.0,2391411.0
2024-07-21,Finale,"TONIGHT it's the season finale of #LoveIslandUSA! To celebrate, the Islanders showed us their impressions of @iaindoesjokes. 💖🎉 Who did it best?",383,48850,Video,104.853,1131776.0,435082.0
2024-07-21,Finale,"PPG together forever. 🥹🩵🩷💚
#LoveIslandUSA",855,77919,Video,30.363,1109645.0,368402.0
2024-07-21,Finale,"""I couldn't ask for anybody else to experience this with."" 😍
#LoveIslandUSA",484,32731,Video,72.64,2272356.0,369493.0
2024-07-21,Finale,"The season finale of #LoveIslandUSA is about to be 🔥 Don't miss it TONIGHT at 9pm ET / 6pm PT, only on @peacock! 💖🏝",637,40467,Video,15.019,1033295.0,399544.0
2024-07-21,Finale,"What does Kenny want JaNa to do?! 👀 Tune in TONIGHT at 9pm ET / 6pm PT on @peacock to find out! 
#LoveIslandUSA",361,23605,Video,7.74,977795.0,313489.0
2024-07-21,Finale,"This date was filled with thrills and romance that gave us chills. 🥰
#LoveIslandUSA",393,17005,Video,92.843,1373753.0,216596.0
2024-07-21,Finale,"Epic dates and declarations of love - our hearts are so full! ❤️ Find out who wins #LoveIslandUSA 2024 TONIGHT during the season finale at 9pm ET / 6pm PT, only on @peacock. 🎉",1651,57100,Video,106.155,2009818.0,441896.0
2024-07-21,Finale,The Islanders are saying their final goodbyes to the Villa. 😢 Tune into the #LoveIslandUSA finale streaming now only on @peacock.,957,554266,Video,20.907,13295370.0,5994680.0
2024-07-21,Finale,"""It's just so weird to fly all the way to the other side of the world and find someone that's just so similar to you."" 🥲❤️
#LoveIslandUSA",453,39890,Video,98.048,707117.0,207676.0
2024-07-21,Finale,Family dinners and fun times! ❤️🥂 #LoveIslandUSA,653,125235,Sidecar,0.0,0.0,0.0
2024-07-21,Finale,"Me pretending I'm not completely emotionally invested in these love stories 🙈

The #LoveIslandUSA finale is streaming tonight on Peacock.",433,33269,Video,183.552,2346554.0,473812.0
2024-07-12,Bombshell,"Everyone's looking for a boy in the Villa, Aussie, 6'4"", blue eyes. 💙 
#LoveIslandUSA",1530,160115,Video,62.595,5769878.0,3097987.0
2024-07-12,Bombshell,"✨VOTING IS NOW CLOSED!✨ After tonight's steal, the Villa is full of established connections and a new flame! ❤️‍🔥 It's time for your voice to be heard. Head over to the Love Island USA app now to cast your vote for your favorite couple!

Voting is open for two and a half hours, closing at 12:30am ET | 9:30 pm PT on July 12th, 2024. Voting is open to U.S. residents 18 years or older.
#LoveIslandUSA",3027,96805,Sidecar,0.0,0.0,0.0
2024-07-12,Bombshell,Friday Night = Love Island date night! 🏝️💞Tune into tonight's episode streaming now only on @peacock. #LoveIslandUSA,341,22726,Video,14.747,1016236.0,317970.0
2024-07-12,Bombshell,"No avocados were harmed upon dressing room delivery. 🥑
#LoveIslandUSA",597,40077,Video,27.16,855988.0,299329.0
2024-07-12,Bombshell,"We're on bae-watch with these two. 🩵
#LoveIslandUSA",681,11345,Video,48.615,710399.0,235626.0
2024-07-12,Bombshell,"Hair care is Sordell's love language. 🤍
#LoveIslandUSA",1104,45392,Video,36.035,1053535.0,390140.0
2024-07-12,Bombshell,"Who else swooned at these dates? 😍
#LoveIslandUSA",1231,39656,Sidecar,0.0,0.0,0.0
2024-07-12,Bombshell,"Caine they come to an agreement? 🤔
#LoveIslandUSA",337,9792,Video,83.456,620929.0,246654.0
2024-07-12,Bombshell,"Goodbye candy Caine, we'll miss you in the Villa. 👋
#LoveIslandUSA",1471,38999,Image,0.0,0.0,0.0
2024-07-12,Bombshell,"Do we see walks on the beach in their future? 🏝️
#LoveIslandUSA",290,10854,Video,54.988,661393.0,285270.0
2024-07-12,Bombshell,"We've got a hot seat on this week's episode of Aftersun! 🔥 Host @maurahiggins spills the tea with this week's exited Islanders and a panel of special guests tomorrow at 9pm ET | 6pm PT only on @peacock! 
#LoveIslandUSA",832,19439,Video,22.655,1854310.0,556324.0
2024-07-12,Bombshell,"Tune in tonight at 9pm ET / 6pm PT on @peacock to see who's reading the beginner's guide to doing everything wrong. 📚
#LoveIslandUSA",699,31858,Video,8.408,1094140.0,370501.0
2024-07-12,Bombshell,"Our social ambassador @cely plays a game of ""Your Type on Paper"" with Catherine, Daia, and Liv! We'll definitely miss them in the Villa! 💛✨ #LoveIslandUSA",321,16186,Video,191.191,815808.0,214219.0
2024-07-12,Bombshell,"Some couples claim to be closed off, but are they really? 👀 Harrison steals someone's girl tonight on an all-new #LoveIslandUSA - 9pm ET / 6pm PT, only on @peacock. 😱",2070,38030,Video,106.923,894730.0,315053.0
2024-07-12,Bombshell,Hot days turn into even hotter nights in the Villa. 🔥 #LoveIslandUSA,1083,100475,Sidecar,0.0,0.0,0.0
2024-07-12,Bombshell,"She might be gone but she left us with words to Liv by. 💛
#LoveIslandUSA",1156,37147,Video,59.993,1123535.0,368373.0
2024-07-11,Recoupling,"Golden boy Harrison has entered the Villa and is ready to find his diamond of the season. 💎
#LoveIslandUSA",1877,64888,Video,31.231,2737543.0,1344589.0
2024-07-11,Recoupling,"What can we say, we love this pairing. ❤️‍🔥
#LoveIslandUSA",1100,35747,Video,69.068,1021279.0,439371.0
2024-07-11,Recoupling,"Raise your hand if your face has subtitles. 👋
#LoveIslandUSA",512,102341,Image,0.0,0.0,0.0
2024-07-11,Recoupling,"Can someone pass us a tissue? 🥲
#LoveIslandUSA",1165,28340,Video,86.592,800007.0,313191.0
2024-07-12,Bombshell,"🏆 #1 Reality Series in U.S. Streaming 🏆 
Cheers to the best fandom there is! We couldn’t have done it without you. #LoveIslandUSA",535,33407,Video,15.019,1275801.0,475099.0
2024-07-11,Recoupling,"Send your love to Liv, Daia, and Catherine! The Villa won't be the same without you. 💛  #LoveislandUSA",3665,69081,Image,0.0,0.0,0.0
2024-07-12,Bombshell,"Being closed off is worth celebrating! 🥳
#LoveIslandUSA",516,26525,Video,70.303,868859.0,312344.0
2024-07-11,Recoupling,"""I hope 👏 that you had 👏 a good experience.""
#LoveIslandUSA",1746,44757,Video,60.693,1593995.0,706042.0
2024-07-11,Recoupling,"Spoilers ahead, @arianamadix is serving as usual! ✨ Scroll with caution because tonight's episode is streaming now only on @peacock. 🚨
#LoveIslandUSA",939,46498,Video,19.786,1959462.0,722036.0
2024-07-11,Recoupling,"Reconnected and closed off, we couldn't be happier for these two. 🥹💞
#LoveIslandUSA",1239,24663,Video,69.769,637506.0,233510.0
2024-07-11,Recoupling,"We love a couple who holds each other accountable. 🤍
#LoveIslandUSA",474,9235,Video,60.46,490967.0,174697.0
2024-07-11,Recoupling,"There's nothing like morning cuddles and pillow talk in the Hideaway. 💕
#LoveIslandUSA",857,12170,Video,13.646,605974.0,214117.0
2024-07-11,Recoupling,Chill days and rowdy nights. ✨🥰 #LoveIslandUSA,1220,58204,Sidecar,0.0,0.0,0.0
2024-07-11,Recoupling,"This healed something in us. 🫶
#LoveIslandUSA",2477,131912,Video,77.777,3011320.0,1591607.0
2024-07-11,Recoupling,"Can you finish the sentence?! 👀Tune in TONIGHT at 9pm ET / 6pm PT on @peacock to find out! 
#LoveIslandUSA",498,10792,Video,11.711,470918.0,155318.0
2024-07-11,Recoupling,"Movie Night continues with big emotions and THREE girls leave the Villa! 😱 Catch an all-new #LoveIslandUSA tonight at 9pm ET / 6pm PT, only on @peacock. 🔥",3748,49222,Video,113.195,1082161.0,349733.0
2024-07-11,Recoupling,"Movie Night sometimes calls for reinforcements. ❤️
#LoveIslandUSA",387,13330,Video,33.466,529088.0,224913.0
2024-07-09,Movie Night,Will Movie Night help Leah and Rob address those overalls in the closet? #LoveIslandUSA,12669,39107,Video,71.744,1675640.0,685113.0
2024-07-09,Movie Night,"Ask and you shall receive. 😎
#LoveIslandUSA",972,24909,Video,20.501,1059639.0,346694.0
2024-07-09,Movie Night,"This is not a drill, the L-bomb has dropped! 💖
#LoveIslandUSA",2233,15524,Video,61.269,733807.0,284352.0
2024-07-09,Movie Night,"According to Rob, what has every girl done? 🤔 Tune in TONIGHT at 9pm ET / 6pm PT on @peacock to see what he said! 
#LoveIslandUSA",694,18943,Video,8.641,1125135.0,383862.0
2024-07-09,Movie Night,"One clip turned Movie Night into a friend fight for Leah and Liv. 😧
#LoveIslandUSA",6033,32200,Video,80.597,1260612.0,481807.0
2024-07-09,Movie Night,"Closed off never felt so good. 🥰
#LoveIslandUSA",746,13138,Video,45.419,650892.0,272291.0
2024-07-09,Movie Night,"Sometimes you just need to dock things out.
#LoveIslandUSA",1227,17267,Video,66.032,775426.0,350313.0
2024-07-09,Movie Night,"Debrief with the girls = a Hideaway MUST! ✨
#LoveIslandUSA",466,17687,Video,77.644,644192.0,256914.0
2024-07-09,Movie Night,"We guess that means no more lip balm for Kordell....🫢
#LoveIslandUSA",2436,39475,Video,80.947,1438283.0,646120.0
2024-07-08,Bombshell,"Clarity comes after the storm clears. 🤍
#LoveIslandUSA",757,14909,Video,98.298,524493.0,201359.0
2024-07-09,Movie Night,"Wanna be our date to tonight's cinematic event?! 😉 You won't want to miss an explosive Movie Night - 9pm ET / 6pm PT, only on @peacock. 🍿 #LoveIslandUSA",3302,35382,Video,120.053,846940.0,301971.0
2024-07-08,Bombshell,"Aaron wants to move forward but Casa is still on Kaylor's mind. 💭 Can these two find a middle ground?
#LoveIslandUSA",3214,25652,Video,62.262,1164040.0,512916.0
2024-07-08,Bombshell,"The Islanders had a few words for you America after tonight's challenge. 😂
#LoveIslandUSA",1008,16238,Video,23.456,864642.0,361429.0
2024-07-09,Movie Night,Getting ready for Movie Night like... 🍿 #LoveIslandUSA,1390,49948,Video,18.795,1380123.0,639513.0
2024-07-09,Movie Night,"Lights, camera, drama...it's almost Movie Night! See you tonight at 9pm ET / 6pm PT, only on @peacock. 🎬",955,32458,Video,41.741,760457.0,225460.0
2024-07-08,Bombshell,Nobody's opinions will get between Rob and Daniela. 💞 #LoveIslandUSA,1289,11189,Video,63.096,821280.0,366884.0
2024-07-08,Bombshell,"America's thoughts left Kaylor wondering how much she truly knows Aaron. 😓
#LoveIslandUSA",882,20394,Video,46.846,916035.0,392341.0
2024-07-08,Bombshell,"We love seeing the vulnerable side of Miguel. 🥰
#LoveIslandUSA",987,34128,Video,55.755,853381.0,380233.0
2024-07-09,Movie Night,"Kendall survived Casa, but he's not leaving movie night unscathed. 😬
#LoveIslandUSA",1975,16650,Video,45.397,886411.0,352908.0
2024-07-09,Movie Night,"They are so cute we can barely handle it. 🥹❤️
#LoveIslandUSA",812,17745,Video,92.425,638787.0,217084.0
2024-07-08,Bombshell,Your posts are driving the Islanders crazy! 🚗 #LoveIslandUSA,1334,24761,Sidecar,0.0,0.0,0.0
2024-07-09,Movie Night,"Feeling lucky? The wait is over! 😉 Cely gives us an exclusive first look at the Hideaway before the first couple heads in TONIGHT! 👀✨
#LoveIslandUSA",220,16062,Video,75.175,660317.0,191720.0
2024-07-07,Recoupling,"The way we can feel this pain. 🥺
#LoveIslandUSA",6633,64489,Video,74.808,1667683.0,671431.0
2024-07-07,Recoupling,"Kaylor's getting (part of) the scoop on Aaron's time in Casa. 👀
#LoveIslandUSA",2108,16358,Video,37.952,975114.0,405192.0
2024-07-07,Recoupling,"Being the new girls in the Villa takes some getting used to. 🙃 
#LoveIslandUSA",1273,9856,Video,71.104,637165.0,274233.0
2024-07-08,Bombshell,"Can Kordell and Serena mend their relationship? 👀
#LoveIslandUSA",1896,22375,Video,110.81,645148.0,238887.0
2024-07-07,Recoupling,"Sometimes all you need is honesty and clear communication. ✨
#LoveIslandUSA",1199,21377,Video,65.432,875638.0,373317.0
2024-07-07,Recoupling,"Can JaNa and Kenny overcome this test? 😞
#LoveIslandUSA",3461,320677,Video,89.6,4565561.0,2446794.0
2024-07-08,Bombshell,"The ripple effects of Casa continue. 😥 Tune into tonight's episode streaming now only on @peacock.
#LoveIslandUSA",715,18966,Video,10.112,1290832.0,450593.0
2024-07-08,Bombshell,Smiles and smooches! Have a great Monday. ☀️ #LoveIslandUSA,1367,86428,Sidecar,0.0,0.0,0.0
2024-07-07,Recoupling,"Friends who support you through anything >>>> 
#LoveIslandUSA",1339,88770,Video,26.126,2554960.0,1298916.0
2024-07-07,Recoupling,Will Kaylor and Aaron's relationship sink? Find out on tonight's special episode of #TheDock. 💔 #LoveIslandUSA,1088,9741,Video,44.587,541738.0,213427.0
2024-07-08,Bombshell,"Can you finish Rob's sentence?! 🤔 Tune in TONIGHT at 9pm ET / 6pm PT on @peacock to see what he said! 
#LoveIslandUSA",728,38804,Video,12.078,2065794.0,820593.0
2024-07-09,Movie Night,"Grab your emotional support popcorn because it's movie night, and it's a must-see! 👀🍿 Tune into tonight's episode streaming now only on @peacock.
#LoveIslandUSA",1015,16506,Image,0.0,0.0,0.0
2024-07-08,Bombshell,"Major chats and maybe a few spats? 😬 The Islanders get messages from YOU tonight at 9pm ET / 6pm PT, only on @peacock. 💖 #LoveIslandUSA",2290,35391,Video,117.45,974343.0,357821.0
2024-07-09,Movie Night,Fun times and friendships! 🤗 #LoveIslandUSA,1330,59538,Sidecar,0.0,0.0,0.0
2024-07-07,Recoupling,The calm before the Casa Amor recoupling! 😬 #LoveIslandUSA,647,36662,Sidecar,0.0,0.0,0.0
2024-07-05,Casa Amor,"Everyone's faces while watching this: 🤔🫢🙃
#LoveIslandUSA",3509,32079,Video,119.919,1375741.0,548188.0
2024-07-07,Recoupling,This week's episode of #LoveIslandUSA Aftersun with host @maurahiggins was EVERYTHING we needed after Casa Amor! ❤️‍🔥 What was your favorite moment with our special guests?,392,19312,Sidecar,0.0,0.0,0.0
2024-07-07,Recoupling,"Buckle up babes, there's a lot of explaining to do! 😬 See you tonight for an emotionally-packed #LoveIslandUSA at 9pm ET / 6pm PT, only on @peacock. 😳",2809,36448,Video,101.768,978201.0,323605.0
2024-07-05,Casa Amor,"The video message from #CasaAmor was the beginning of the end for Sordell. 💔
#LoveIslandUSA",5584,36438,Video,130.33,1275171.0,477972.0
2024-07-05,Casa Amor,"The sun has set on #CasaAmor, leaving Kaylor and Aaron single. 😥
#LoveIslandUSA",1758,33903,Video,120.453,1045282.0,400085.0
2024-07-07,Recoupling,How crazy is Soul Ties this season? @kaykalore didn't just stop by #LoveIslandUSA Aftersun to spill the tea with host @maurahiggins. She ALSO rated her favorite Soul Ties moment!,212,18303,Video,172.205,618466.0,211325.0
2024-07-07,Recoupling,"Tensions are high in the Villa post-recoupling. 😓 Tune into tonight's episode streaming now only on @peacock.
#LoveIslandUSA",562,7750,Video,11.563,609210.0,153801.0
2024-07-07,Recoupling,"""I just want to relive that moment over and over again"" 🥹
#LoveIslandUSA",462,9699,Video,46.784,431823.0,172579.0
2024-07-05,Casa Amor,"Is it time for the boys to get a clue?! 🔍 Tune in TONIGHT at 9pm ET / 6pm PT on @peacock to find out what was said! 
#LoveIslandUSA",226,14011,Video,9.242,632573.0,242799.0
2024-07-05,Casa Amor,"The future is uncertain for Leah and Miguel. 🫥
#LoveIslandUSA",1184,27767,Video,70.136,1118696.0,493623.0
2024-07-05,Casa Amor,"Tonight's posts may contain 🚨SPOILERS🚨 

Be mindful as you scroll! #LoveIslandUSA",428,13387,Video,10.477,619852.0,240958.0
2024-07-05,Casa Amor,"We can't help but giggle and kick our feet watching these two. 🥹 ✨
#LoveIslandUSA",667,38154,Video,50.65,1092039.0,527256.0
2024-07-05,Casa Amor,Who would've thought that an Aussie and a Brit would find a connection on #LoveIslandUSA. 😊,482,88017,Video,55.321,1868399.0,995653.0
2024-07-05,Casa Amor,"Everything changed after Kaylor and Serena got the video messages. 😞
#LoveIslandUSA",377,19984,Video,69.44,649282.0,312094.0
2024-07-05,Casa Amor,"Rob is passing down his #CasaAmor wisdom. 📚
#LoveIslandUSA",595,7851,Video,42.976,479631.0,195815.0
2024-07-05,Casa Amor,"Tensions rise in the Villa as the Islanders leave #CasaAmor and prepare for the recoupling. 😓 Tune into tonight's episode streaming now only on @peacock.
#LoveIslandUSA",203,11163,Video,20.992,436373.0,174743.0
2024-07-05,Casa Amor,"How can we not be obsessed with @arianamadix?! 😍
#LoveIslandUSA",635,13194,Video,18.389,602957.0,215163.0
2024-07-05,Casa Amor,"Decisions, decisions. 😓
#LoveIslandUSA",246,9711,Video,47.614,469429.0,212807.0
2024-07-05,Casa Amor,"Two's a party, three's a crowd. What are your thoughts on Kenny's choice?!
#LoveIslandUSA",1643,21186,Video,112.213,800298.0,335984.0
2024-07-05,Casa Amor,"Soul Spies (the sequel!) 🕵️👀
#LoveIslandUSA",185,17293,Video,74.507,564418.0,209339.0
2024-07-04,Casa Amor,"If a picture's worth a thousand words, the video message from #CasaAmor might be worth the girls rethinking their connections. 💔 
#LoveIslandUSA",2311,28665,Video,164.664,824559.0,353100.0
2024-07-05,Casa Amor,"We want to know....are you team overalls? 👀 Discuss in the comments! 
#LoveIslandUSA",390,16840,Video,12.812,895710.0,362644.0
2024-07-04,Casa Amor,"This challenge wasn't for the faint of heart (or weak of stomach)! 🤢
#LoveIslandUSA",775,11028,Sidecar,0.0,0.0,0.0
2024-07-05,Casa Amor,"This guest is bananas! 🍌 #LoveIslandUSA Aftersun host @maurahiggins is joined by @johnnybananas tomorrow at 9pm ET / 6pm PT, only on @Peacock!",922,19891,Video,62.789,952303.0,341361.0
2024-07-04,Casa Amor,"#CasaAmor is putting everything into perspective for the girls. 💖
#LoveIslandUSA",268,6824,Video,36.672,368364.0,146744.0
2024-07-04,Casa Amor,"Everything will be ok when you have your girls' support. 💞 
#LoveIslandUSA",457,13457,Video,76.042,490450.0,211721.0
2024-07-05,Casa Amor,POV: Life before THE video from Casa Amor. 😏 #LoveIslandUSA,556,33877,Sidecar,0.0,0.0,0.0
2024-07-04,Casa Amor,"The video message from #CasaAmor left us and the girls in shock. 🫢
#LoveIslandUSA",1735,23853,Video,15.232,1121478.0,430720.0
2024-07-04,Casa Amor,"We can't deny that Daia is bringing out a new side of Kordell! 🤩
#LoveIslandUSA",1029,8176,Video,46.746,457587.0,186192.0
2024-07-04,Casa Amor,"JaNa's ready for a break from #CasaAmor. 😮‍💨
#LoveIslandUSA",292,7256,Video,69.739,421529.0,177721.0
2024-07-05,Casa Amor,"""It smells like b*tch!"" 😳 Casa Amor comes to a close and the Islanders face a massive recoupling. Don't miss #LoveIslandUSA at 9pm ET / 6pm PT, only on @peacock! 🔥",1881,45181,Video,123.968,1474812.0,486500.0
2024-07-04,Casa Amor,"Sometimes you don’t want your gut instincts to be right. 😢 
#LoveIslandUSA",804,15211,Video,56.456,631431.0,267368.0
2024-07-03,Casa Amor,"Preparing for the #Olympics, clearly! 😂 Who had the best creative dive? #LoveIslandUSA",588,133132,Video,47.296,2158475.0,1202270.0
2024-07-03,Casa Amor,The Casa Amor Edition of The Villa Weekly is here! Find out the Casa Boys and Casa Girls astrological signs and more in our steamiest issue yet. ❤️‍🔥 #LoveIslandUSA,765,27749,Sidecar,0.0,0.0,0.0
2024-07-04,Casa Amor,"There's no better way to celebrate #FourthOfJuly than tuning into tonight's episode of #LoveIslandUSA, streaming now only on @peacock! ❤️🤍💙
#CasaAmor",99,5590,Video,23.59,425553.0,109654.0
2024-07-03,Casa Amor,"You know we can never resist a little spice. 🔥 #MaybellinePartner 

Watch #LoveIslandUSA nightly Thurs-Tues at 9pm ET / 6pm PT only on @Peacock! Shop the Lifter Plump at link in bio.",180,12285,Video,30.029,2155593.0,762585.0
2024-07-04,Casa Amor,"Sierra has Miguel sweating! 🥵 Tune in TONIGHT at 9pm ET / 6pm PT on @peacock to see why! 
#CasaAmor #LoveIslandUSA",295,7939,Video,15.315,434576.0,151194.0
2024-07-02,Casa Amor,"They're in different places and different headspaces. 😔
#CasaAmor #LoveIslandUSA",3301,15488,Video,56.189,1049893.0,434725.0
2024-07-04,Casa Amor,Activate rest and relaxation mode! 😎#LoveIslandUSA,612,23252,Sidecar,0.0,0.0,0.0
2024-07-04,Casa Amor,"Casa Amor Day 3 has us gagged... literally! 😅 The girls receive a heart-stopping text tonight - don't miss it at 9pm ET / 6pm PT, only on @peacock. 🔥 #LoveIslandUSA",1639,24733,Video,109.008,673515.0,234638.0
2024-07-03,Casa Amor,POV! Which one are you? Send it to your bestie. 😂 #LoveIslandUSA #CasaAmor,390,21417,Sidecar,0.0,0.0,0.0
2024-07-02,Casa Amor,"We want the boys' commentary on everything. 😂
#LoveIslandUSA",1395,22330,Video,9.776,1041640.0,389707.0
2024-07-02,Casa Amor,"A time was had. 😲🔥
#CasaAmor #LoveIslandUSA",1325,21920,Sidecar,0.0,0.0,0.0
2024-07-02,Casa Amor,"The difference 24 hours makes. 😬
#CasaAmor #LoveIslandUSA",1396,9487,Video,19.719,581112.0,198825.0
2024-07-02,Casa Amor,"Casa Amor is coming in hot! 🥵🔥 Tune into tonight's episode streaming now only on @peacock.
#CasaAmor #LoveIslandUSA",465,32187,Video,17.429,1638790.0,636543.0
2024-07-01,Casa Amor,"Distance makes the heart grow fonder...or does it? 🫣
#LoveIslandUSA",1548,12826,Video,65.064,605390.0,253743.0
2024-07-02,Casa Amor,"Ignacio has strict boop boundaries. 🤣
#LoveIslandUSA",567,19815,Video,26.559,678174.0,263185.0
2024-07-01,Casa Amor,"Spin the bottle, if you dare. 🔥
#LoveIslandUSA",1793,21008,Sidecar,0.0,0.0,0.0
2024-07-02,Casa Amor,"Just like... 👀 Tune in TONIGHT at 9pm ET / 6pm PT on @peacock to find out what Serena said! 
#CasaAmor #LoveIslandUSA",328,6263,Video,8.775,378236.0,132137.0
2024-07-01,Casa Amor,"Daia knows what she wants, and Kordell is at the top of that list! 👀
#LoveIslandUSA",1206,8435,Video,40.874,545037.0,211885.0
2024-07-01,Casa Amor,Class is in session as @cely presents The Art of Etiquette: A Guide to Mastering Manners at Casa Amor! ❤️‍🔥 Learn how to be sassy and classy while making new connections.,301,10054,Video,159.926,555713.0,167708.0
2024-07-02,Casa Amor,"The second night of Casa Amor heats up with a game of Raunchy Races! 🥵 See what new connections are being made tonight at 9pm ET / 6pm PT, only on @peacock! 🔥 #LoveIslandUSA",1016,14413,Video,100.3,519113.0,181637.0
2024-07-02,Casa Amor,Keeping up with Casa Amor! 😘 #LoveIslandUSA,1184,34878,Sidecar,0.0,0.0,0.0
2024-07-01,Casa Amor,"Want more tea on all the Casa crew's charts? ✨

Keep an eye out for the for the Villa Weekly this Wednesday!",641,10803,Video,35.235,724952.0,305098.0
2024-07-01,Casa Amor,"Things are starting to heat up between Miguel & Sierra. ❤️‍🔥
#LoveIslandUSA",1483,99280,Video,36.369,6546190.0,3396625.0
2024-07-02,Casa Amor,"The grass isn't always greener on the other side. 👀
#CasaAmor #LoveIslandUSA",661,15517,Video,22.222,626456.0,266791.0
2024-07-01,Casa Amor,"First night of Casa Amor and our jaw is on the FLOOR! 👀 Get to know the new Casa Boys and Girls tonight at 9pm ET / 6pm PT, only on @peacock. ❤️ #LoveIslandUSA",885,18046,Video,118.451,696589.0,206625.0
2024-07-01,Casa Amor,"The way they look at each other...🥹 They're just too cute!
#LoveIslandUSA",311,11782,Video,56.256,710765.0,195539.0
2024-07-01,Casa Amor,"Casa Amor week is officially here! ❤️‍🔥 Tune into tonight's episode streaming now only on @peacock to see everything unfold. ✨
#LoveIslandUSA",214,10065,Video,11.478,544252.0,149946.0
2024-07-01,Casa Amor,"Oh, @arianamadix is taking it! ✨
#LoveIslandUSA",1587,86838,Video,11.911,2295462.0,936830.0
2024-07-01,Casa Amor,Selfies and silliness... two of our favorite things. 😍 #LoveIslandUSA,389,25977,Sidecar,0.0,0.0,0.0
2024-07-01,Casa Amor,"Josiah was in a relationship with who?!? 🧐 Tune in TONIGHT at 9pm ET / 6pm PT on @peacock to find out! 
#LoveIslandUSA",247,7959,Video,10.376,386068.0,130392.0
2024-07-01,Casa Amor,"The boys are ready to put their connections to the test. 🤫
#LoveIslandUSA",294,6441,Video,56.299,322246.0,128135.0
2024-07-01,Casa Amor,"Nigel and Cassidy joined our Social Ambassador @cely for a game of ""Your Type on Paper."" Listen and play along! 🤩 #LoveIslandUSA",356,9633,Video,155.155,478093.0,146218.0
2024-07-01,Casa Amor,"Are new connections on the horizon?! 💙
#LoveIslandUSA",126,4857,Video,69.702,252550.0,89699.0
2024-07-01,Casa Amor,"@arianamadix is giving us a behind the scenes look at #CasaAmor before the fun starts tonight! 🏝️ Don't miss it at 9pm ET / 6pm PT, only on @peacock. ❤️‍🔥 #LoveIslandUSA",553,26121,Video,150.464,948388.0,371479.0
2024-07-01,Casa Amor,"The Casa boys and girls did not come to play! 🤩🔥
#LoveIslandUSA",461,6775,Video,22.455,439260.0,163311.0
2024-07-01,Casa Amor,"Everything's starting to feel real for the girls. Whose connection do you think will survive #CasaAmor? 👀
#LoveIslandUSA",226,13102,Video,82.215,469461.0,231655.0
2024-06-30,Bombshell,"Kordell gives the best advice. 💛
#LoveIslandUSA",207,4921,Video,48.348,248477.0,78826.0
2024-06-30,Bombshell,"Hug it out or nah? 🤗
#LoveIslandUSA",410,4379,Video,99.999,254273.0,105998.0
2024-06-30,Bombshell,"2nd time's the (snake) charm?! 👀
#LoveIslandUSA",1539,32220,Video,42.342,1729885.0,879414.0
2024-06-30,Bombshell,"No connection compares to a bond between girls. 🫶
#LoveIslandUSA",772,17365,Video,48.615,662772.0,309708.0
2024-06-30,Bombshell,"Can you fill in the blank: Leah's a bad _____? 🤨Tune in TONIGHT at 9pm ET / 6pm PT on @peacock to find out! 
#LoveIslandUSA",491,12144,Video,16.216,578990.0,216818.0
2024-06-30,Bombshell,"We'll miss you, Cassidy & Nigel! Their time in the Villa was short, but definitely sweet. 🥺🫶
#LoveIslandUSA",1458,19882,Image,0.0,0.0,0.0
2024-06-30,Bombshell,"Another day, another jaw-dropping dumping. 🫢
#LoveIslandUSA",2347,21856,Sidecar,0.0,0.0,0.0
2024-06-30,Bombshell,Flex appeal and picture perfect poses! 💪 #LoveIslandUSA,262,16540,Sidecar,0.0,0.0,0.0
2024-06-30,Bombshell,"There's another exit from the Villa tonight, and it's Islanders' choice. 😱 See how it unfolds and who makes it to Casa Amor at 9pm ET / 6pm PT, only on @peacock! 🔥 #LoveIslandUSA",1182,14558,Video,106.506,444126.0,159734.0
2024-06-30,Bombshell,"@connornewsum joined @cely for a game of ""Your Type on Paper."" See if you can guess his answers! ✨ #LoveIslandUSA",1090,17938,Video,236.302,1010370.0,332062.0
2024-06-30,Bombshell,"They're so cute we can't handle it! 🥹💗
#LoveIslandUSA",533,17378,Video,88.321,726705.0,318780.0
2024-06-30,Bombshell,"Your votes are in! 🗳️ Tune into tonight's episode to see who will be packing their bags...streaming now only on @peacock.
#LoveIslandUSA",287,8136,Video,27.06,524919.0,175274.0
2024-06-30,Bombshell,"Babe, wake up... Casa Amor starts TOMORROW! 🔥 See how the new Casa Boys and Girls shake up the island at 9pm ET / 6pm PT, only on @Peacock. 🎉#LoveIslandUSA",259,13041,Video,15.014,679088.0,230310.0
2024-06-30,Bombshell,Such a fun group on this week's episode of #LoveIslandUSA Aftersun! ❤️‍🔥 What were your favorite moments? #LoveIslandUSA,444,19142,Sidecar,0.0,0.0,0.0
2024-06-27,Recoupling,"😳🫣😬🫥😰😔
#LoveIslandUSA",6136,21473,Video,81.147,1011611.0,418652.0
2024-06-27,Recoupling,"It's been a wild season of The Dock, only on #LoveIslandUSA!",1917,15443,Video,91.357,574727.0,250449.0
2024-06-27,Recoupling,"It's the end of Clonnor as we know it. 💔
#LoveIslandUSA",1055,10212,Video,48.281,562084.0,245815.0
2024-06-27,Recoupling,"Honestly...same. 👀
#LoveIslandUSA",166,4684,Video,17.45,259958.0,102286.0
2024-06-27,Recoupling,"We just want to see Liv happy. 🥺
#LoveIslandUSA",666,6381,Video,52.185,444741.0,158871.0
2024-06-27,Recoupling,First dates and fighting with your mates... sounds about right! 😏 Alleged lies come to light on an all-new #LoveIslandUSA - tonight at 9pm ET / 6pm PT on @peacock. 🔥,2306,18957,Video,90.023,513599.0,202406.0
2024-06-27,Recoupling,"Tubing, snorkeling, diving, oh my! Which activity would you like to do on a first date?! 🌊
#LoveIslandUSA",408,12340,Sidecar,0.0,0.0,0.0
2024-06-27,Recoupling,"Has someone caught Serena's eye?! 👀 Tune in TONIGHT at 9pm ET / 6pm PT on @peacock to find out! 
#LoveIslandUSA",440,24897,Video,7.207,613384.0,202046.0
2024-06-27,Recoupling,"Discuss: Were you surprised by Kendall's decision? 🤔
#LoveIslandUSA",570,16707,Video,57.824,605797.0,290551.0
2024-06-27,Recoupling,"Karma is an Islander named Rob. 😬
#LoveIslandUSA",1247,8292,Video,47.247,434155.0,186660.0
2024-06-27,Recoupling,"Our secret to staying date-ready in the Villa. 🤩 #MaybellinePartner 

Watch #LoveIslandUSA nightly Thurs-Tues at 9pm ET / 6pm PT only on @Peacock! Shop the Instant Age Rewind at link in bio.",110,6160,Video,30.029,1883600.0,566350.0
2024-06-27,Recoupling,"The truth always comes out in the Villa. 😳 Tune into tonight's episode streaming now only on @peacock.
#LoveIslandUSA",1304,7800,Video,24.023,504305.0,180897.0
2024-06-27,Recoupling,Loving those steamy summer days! 😘🏝 #LoveIslandUSA,578,22647,Sidecar,0.0,0.0,0.0
2024-06-25,Bombshell,"There's more than one type of game being played in the Villa tonight. 👀 Don't miss the arrival of three new Bombshells at 9pm ET / 6pm PT, only on @peacock. 🔥 #LoveIslandUSA",1221,14575,Video,118.685,523347.0,172016.0
2024-06-25,Bombshell,"JaNa was shocked to say the least. 🤯  Tune in TONIGHT at 9pm ET / 6pm PT on @peacock to watch everything unfold! 
#LoveIslandUSA",283,8681,Video,9.642,533731.0,161539.0
2024-06-25,Bombshell,"No we haven’t...but now that you mentioned it Rob. 🤔
#LoveIslandUSA",651,6743,Video,22.288,384779.0,161569.0
2024-06-25,Bombshell,"Kordell left it all on the dance floor. 😢
#LoveIslandUSA",3913,74874,Video,27.494,1543582.0,611765.0
2024-06-25,Bombshell,"Meet our three new Bombshells: Cassidy, Kenny, and Nigel! 💣✨ Which of the Islanders do you think will go for them first? #LoveIslandUSA",1738,17208,Sidecar,0.0,0.0,0.0
2024-06-25,Bombshell,It's a selfie summer! ☀️ #LoveIslandUSA,590,26935,Sidecar,0.0,0.0,0.0
2024-06-25,Bombshell,"Boop ≠ kiss. 🫣
#LoveIslandUSA",533,6789,Video,43.71,401637.0,174460.0
2024-06-25,Bombshell,"Take your crown number queen. 👑✨
#LoveIslandUSA",730,7508,Video,30.163,449375.0,172915.0
2024-06-25,Bombshell,"Things aren't adding up...and Rob is on the case. 👀
#LoveIslandUSA",2169,50040,Video,49.315,5530559.0,2750207.0
2024-06-25,Bombshell,"The boys are ready to secure freshly squeezed orange juice! 🍊🤩
#LoveIslandUSA",359,6320,Video,77.744,311801.0,126204.0
2024-06-25,Bombshell,"Some relationships were murdered on the dance floor in tonight's challenge. 🪩❤️‍🔥
#LoveIslandUSA",1419,21763,Sidecar,0.0,0.0,0.0
2024-06-25,Bombshell,"Our moods while watching this: 💃🕺😅😳🫣😬🫥
#LoveIslandUSA",797,33350,Video,52.552,1391267.0,724575.0
2024-06-21,Recoupling,"Besties who talk things through >>> 🫶
#LoveIslandUSA",739,13476,Video,78.778,438328.0,203719.0
2024-06-21,Recoupling,"We miss you already Hannah! 🫶
#LoveIslandUSA",924,21346,Sidecar,0.0,0.0,0.0
2024-06-21,Recoupling,"✨VOTING IS NOW CLOSED!✨ This recoupling shook the Villa, and now it's time for you to make your voice heard by voting for your favorite couple! ❤️‍🔥 

Download the Love Island USA app now to cast your vote. Voting is open for two and a half hours, starting at 10pm ET | 7pm PT on June 21st, 2024. Voting is open to U.S. residents 18 years or older. 

As Miguel has just arrived in the Villa, he and Liv will not be included in the vote.

#LoveIslandUSA",2883,26313,Sidecar,0.0,0.0,0.0
2024-06-21,Recoupling,"The boys are looking out for their friend...what does this mean for Sordell?! 👀
#LoveIslandUSA",762,6442,Video,44.109,419635.0,168367.0
2024-06-21,Recoupling,"Was this a little egg-stra? 😂
#LoveIslandUSA",469,7530,Video,73.773,411795.0,186214.0
2024-06-21,Recoupling,"Bucket list: romantic kiss in the the rain. ✅ 
#LoveIslandUSA",1217,15038,Video,25.993,812576.0,361965.0
2024-06-21,Recoupling,"All the girls want a chance at Miguel's heart! ❤️‍🔥 Tune into tonight's episode streaming now only on @peacock! 
#LoveIslandUSA",201,6795,Video,7.14,464055.0,124034.0
2024-06-21,Recoupling,Sunshine and nap time are all we need! ☀️😴 #LoveIslandUSA,429,15116,Sidecar,0.0,0.0,0.0
2024-06-21,Recoupling,"In the Villa, good lip gloss is a game changer 🫦 #MaybellinePartner

#LoveIslandUSA is streaming now on Peacock.",663,7649,Video,16.516,602996.0,172424.0
2024-06-20,Bombshell,"Well that escalated quickly...😥
#LoveIslandUSA",528,6188,Video,72.071,317045.0,134495.0
2024-06-20,Bombshell,"Who needs to kiss and tell, when you can show and tell. 💋
#LoveIslandUSA",1189,16742,Sidecar,0.0,0.0,0.0
2024-06-21,Recoupling,"Rob's getting nervous and... rocking overalls? 🧐 Tune in TONIGHT at 9pm ET / 6pm PT on @peacock to see what he said! 
#LoveIslandUSA",373,8192,Video,7.307,523464.0,210136.0
2024-06-20,Bombshell,"Friends to ops...we didn’t see that coming. 😥
#LoveIslandUSA",707,6578,Video,33.133,426940.0,169552.0
2024-06-21,Recoupling,"New travel buddy?! ✈️🤍
#LoveIslandUSA",281,4092,Video,21.821,293099.0,108312.0
2024-06-20,Bombshell,"The talk heard 'round the Villa. 🫣
#LoveIslandUSA",1400,14097,Video,168.701,499952.0,199703.0
2024-06-20,Bombshell,"The Islanders are planting seeds to help JaNa grow her connection with Connor. 🌱 🫶
#LoveIslandUSA",726,26083,Video,58.792,796373.0,371261.0
2024-06-20,Bombshell,"Surprise surprise, the newest Bombshell just dropped. 😍 Meet Miguel! ❤️‍🔥
#LoveIslandUSA",1351,15175,Image,0.0,0.0,0.0
2024-06-21,Recoupling,"Flirty Bombshell, feuding besties, and a boys' choice recoupling! 🤯 Start your weekend with an all-new #LoveIslandUSA at 9pm ET / 6pm PT on @peacock. 💖",1090,10875,Video,138.171,357719.0,121916.0
2024-06-20,Bombshell,"The heart wants what it wants. ❤️‍🔥
#LoveIslandUSA",806,6450,Video,44.109,444022.0,194096.0
2024-06-20,Bombshell,"Buds, besties, and balancing acts! 🍷 #LoveIslandUSA",738,22184,Sidecar,0.0,0.0,0.0
2024-06-20,Bombshell,"Looking for the latest lip-plumping hack? 💋 Tune in TONIGHT at 9pm ET / 6pm PT on @peacock to find out what it is! 
#LoveIslandUSA",204,8816,Video,17.733,1185446.0,416276.0
2024-06-20,Bombshell,"Hey lovebirds! 😉 The Islanders face accusations, unclear intentions and a kissing game tonight - 9pm ET / 6pm PT on @Peacock. 💋 #LoveIslandUSA",1414,16207,Video,141.04,417390.0,164162.0
2024-06-20,Bombshell,"All is fair in love and Love Island. 🏝️❤️‍🔥 Tune into tonight's episode streaming now only on @peacock! 
#LoveIslandUSA",482,13177,Image,0.0,0.0,0.0
2024-06-16,Bombshell,"Connor is a walking green flag! 💚
#LoveIslandUSA",128,4002,Video,37.036,219704.0,80395.0
2024-06-16,Bombshell,"A host and a Bombshell wrapped into one! 😍
#LoveIslandUSA",4740,125458,Video,64.597,3420563.0,1351574.0
2024-06-16,Bombshell,"Are you team dry or wet toothbrush?! 👀🪥
#LoveIslandUSA",107,5506,Video,9.609,495581.0,185524.0
2024-06-16,Bombshell,"Lovers to friends. 😔
#LoveIslandUSA",732,5578,Video,54.087,252892.0,85345.0
2024-06-16,Bombshell,"There’s no party like a lingerie party! ❤️‍🔥
#LoveIslandUSA",624,9110,Video,50.417,666755.0,237293.0
2024-06-16,Bombshell,"Good kissers >>>>>>> 💋🤍
#LoveIslandUSA",234,7133,Image,0.0,0.0,0.0
2024-06-16,Bombshell,"You’ll want to hear this! Join @brie and @nikkigarcia as they dive into all things #LoveIslandUSA on our new podcast, Love Island: Spill the Tea with Nikki and Brie. Listen wherever you get your podcasts! 🌴🎧",231,30225,Image,0.0,0.0,0.0
2024-06-16,Bombshell,Bombshells Andrea and Nicole brought the heat to #LoveIslandUSA Aftersun! 🔥 Host @maurahiggins shared her tips for making an unforgettable entrance. 😍 Stream Aftersun now before the girls’ first time in the Villa TONIGHT - 9pm ET / 6pm PT on @Peacock.,214,30866,Video,33.433,1034112.0,506708.0
2024-06-14,Recoupling,"Temperature check, how does everyone feel about this convo?!
#LoveIslandUSA",512,8841,Video,30.931,323086.0,123949.0
2024-06-16,Bombshell,"Shout out to the Villa firefighters for their service. 🔥 Tune into tonight’s episode streaming now only on @peacock! 
#LoveIslandUSA",62,3490,Video,16.449,251107.0,87309.0
2024-06-14,Recoupling,@MauraHiggins has a secret: she’s got two beautiful Bombshells! 😘 Meet them and get all the behind-the-scenes details when she hosts our new talk show #LoveIslandUSA Aftersun TOMORROW - 9pm ET / 6pm PT - only on @Peacock.,453,55622,Video,52.819,1185116.0,542460.0
2024-06-16,Bombshell,"If you forget, can Hakeem forgive?! 🧐 Tune in TONIGHT at 9pm ET / 6pm PT on @peacock to find out! 
#LoveIslandUSA",58,2465,Video,11.644,176526.0,61380.0
2024-06-14,Recoupling,"Kiss and make up? Or break up?! 😥
#LoveIslandUSA",531,6896,Video,24.824,732519.0,366096.0
2024-06-14,Recoupling,"It’s funny...till it’s not. 🤐
#LoveIslandUSA",357,3238,Video,90.023,232771.0,86661.0
2024-06-16,Bombshell,Sexy Islanders and sweet snoozes! 😴🏝️ #LoveIslandUSA,144,11874,Sidecar,0.0,0.0,0.0
2024-06-16,Bombshell,"Supportive friends are a must for healthy relationships! 🫶
#LoveIslandUSA",151,3835,Video,64.564,241152.0,100214.0
2024-06-16,Bombshell,It's cuffing season in the Villa! 😉 Don't miss the explosive entrance of Bombshells Andrea and Nicole tonight - 9pm ET / 6pm PT on @peacock. 💖,250,5089,Video,104.571,353365.0,97583.0
2024-06-14,Recoupling,"Faux lover girl?! 👀 Tune into tonight's episode at 9pm ET / 6pm PT on @peacock to find out what Leah says! 
#LoveIslandUSA",222,52994,Video,9.342,1414612.0,554712.0
2024-06-14,Recoupling,"“I’m more happy when you’re around.” 🥹
#LoveIslandUSA",60,3804,Video,48.448,481520.0,168228.0
2024-06-14,Recoupling,"""Don't make me look like a f*cking idiot!"" 👀 Couples' connections are tested tonight - see what happens at 9pm ET / 6pm PT on @peacock. 🔥 #LoveIslandUSA",328,4621,Video,146.679,198088.0,65014.0
2024-06-14,Recoupling,Villa vibes = 💋😎🍊👙 #LoveIslandUSA,119,13498,Sidecar,0.0,0.0,0.0
2024-06-14,Recoupling,"The challenge that changed everything! 🫣
#LoveIslandUSA",374,8858,Video,53.753,960097.0,407046.0
2024-06-14,Recoupling,Coye waves a big hand goodbye to the Villa! 🌴👋🏾 #LoveIslandUSA,231,2907,Video,28.961,168484.0,50947.0
2024-06-14,Recoupling,"You are what you wrangle . 👀🐍
#LoveIslandUSA",388,4671,Video,50.417,305299.0,136599.0
2024-06-12,Bombshell,"JaNa, Leah, and Serena in...Soul Spies is Crazy! 🔍💓
#LoveIslandUSA",118,4165,Video,36.236,199929.0,72736.0
2024-06-12,Bombshell,"First impressions are everything! 👀
#LoveIslandUSA",88,2798,Video,61.694,145571.0,57271.0
2024-06-12,Bombshell,"A secret rendevous for two. 👀❤️‍🔥 
#LoveIslandUSA",708,18730,Video,47.914,582423.0,221036.0
2024-06-12,Bombshell,"Okay but Kendall if you go step in, make sure you put on socks first… 🧦
#LoveIslandUSA",135,2725,Video,58.358,204446.0,83715.0
2024-06-12,Bombshell,First day Villa vibes! 🏝️ #LoveIslandUSA,130,12614,Sidecar,0.0,0.0,0.0
2024-06-12,Bombshell,"We’re not blushing, you are! 😊 #MaybellinePartner 

Watch #LoveIslandUSA nightly Thurs-Tues at 9pm ET / 6pm PT only on @Peacock! Shop the Sunkisser Liquid Blush at link in bio.",176,10818,Video,30.029,1942130.0,655591.0
2024-06-12,Bombshell,"We love girls girls. 💞
#LoveIslandUSA",191,6109,Video,59.225,555614.0,182673.0
2024-06-12,Bombshell,The bombshells are bombshelling! 👀See if the couples stay the same or if their eyes wander tonight during a new #LoveIslandUSA at 9pm ET / 6pm PT on @peacock. 🔥,222,5222,Video,128.695,446500.0,113708.0
2024-06-12,Bombshell,"Can you guess what JaNa said? Fill in the blank and tune into tonight’s episode at 9pm ET / 6pm PT on @peacock! ✨ 
#LoveIslandUSA",36,1699,Video,7.675,126644.0,39769.0
2024-06-12,Bombshell,"Let’s get physical. 😅💪
#LoveIslandUSA",264,58855,Video,36.037,3631832.0,2235497.0
2024-06-12,Bombshell,"Don't worry, you can relax! Another episode of #LoveIslandUSA is here!",64,2421,Video,2.969,899156.0,313875.0
2024-06-12,Bombshell,Rob has learned from...other people’s mistakes. #LoveIslandUSA,142,4175,Video,32.065,240442.0,99658.0
2024-06-12,Bombshell,"You can steal her boy but you can’t steal her girls! 💞 
#LoveIslandUSA",598,61549,Video,18.751,2570861.0,1514555.0
